Distance_angs,F2_charge-2_spin1_aim2nse,HH_charge0_spin1_aim2nse,Br2_charge0_spin1_aim2nse,Cl2_charge0_spin1_aim2nse,FH_charge0_spin1_aim2nse,Br2_charge-2_spin1_aim2nse,I2_charge0_spin1_aim2nse,ClH_charge0_spin1_aim2nse,BrH_charge0_spin1_aim2nse,I2_charge-2_spin1_aim2nse,F2_charge0_spin1_aim2nse,HI_charge0_spin1_aim2nse,Cl2_charge-2_spin1_aim2nse
0.5,-5432.5302891603,-27.7177269282,-140086.340703927,-25039.5203137919,-2727.9474510145,-140095.3221373339,-16202.6971855089,-12533.2089329201,-70055.7777447953,-16209.0452140894,-5428.5016536433,-8113.311695529,-25049.5472531515
0.6,-5427.1671147732,-31.268690438,-140086.1092222035,-25038.5113507956,-2730.6556677547,-140091.9079009154,-16202.472005751,-12532.9519195711,-70055.5626278787,-16204.0089637858,-5431.7631283393,-8113.7966897069,-25045.6831997402
0.7,-5420.9929085626,-31.7888913895,-140085.3922895193,-25038.2118809484,-2732.3915871952,-140086.8763469116,-16200.2144352708,-12531.5821431791,-70054.1773267784,-16199.2659351872,-5431.5363708734,-8113.4387423993,-25041.7153226293
0.8,-5418.0228298014,-31.7621421688,-140084.7069945745,-25038.5994200259,-2734.2817567699,-140085.0422183217,-16198.8444873987,-12530.2614965827,-70053.4919713215,-16196.0850352389,-5427.148737628,-8112.2293530599,-25041.6942359238
0.9,-5418.6048723533,-31.4681264404,-140088.9587654844,-25039.2186832726,-2734.8334083255,-140084.7048566751,-16197.3662949018,-12535.2751869048,-70056.1086722282,-16195.2613989928,-5426.0965305492,-8112.6500351336,-25036.923697707
1.0,-5418.3069137878,-31.0391145907,-140091.6695368215,-25045.7723627575,-2734.683251108,-140079.9619478546,-16202.838803912,-12538.8863681482,-70058.7669566491,-16196.3234128662,-5427.5009582918,-8112.1215735641,-25032.9736406717
1.1,-5419.2385461908,-30.4846517676,-140086.8158773528,-25039.2385255172,-2734.194701299,-140076.5976886882,-16205.6546711959,-12540.1088849234,-70060.67908842,-16197.149633894,-5429.9622225836,-8113.355370596,-25028.2995033604
1.2,-5419.5332503018,-29.9964382406,-140079.5428724407,-25036.2883323803,-2733.5682345094,-140073.7582786418,-16196.5395266371,-12540.7285047279,-70061.9136060171,-16189.8323418682,-5431.2428507907,-8116.1070050417,-25025.5110969274
1.3,-5420.1953507057,-29.4635913931,-140076.4147167753,-25036.5008472651,-2732.8930405242,-140073.1709210566,-16190.8717930576,-12540.8331798331,-70062.6151014355,-16186.7993545882,-5431.9455985092,-8117.9306958833,-25028.1834136783
1.4,-5420.9339476243,-28.7363499785,-140076.9984396286,-25039.4799565785,-2732.2061547827,-140073.705813736,-16188.2595430277,-12540.6479200822,-70062.8405709517,-16184.7134296435,-5432.1277074357,-8118.9066652579,-25031.7296930897
1.5,-5422.6779861092,-28.0411297921,-140079.6062931791,-25042.4696745202,-2731.5669110412,-140073.9423585864,-16187.6689644642,-12540.2919942167,-70062.7790953361,-16184.7360534691,-5431.8875585003,-8119.3493749807,-25034.5055792334
1.6,-5424.6714601501,-27.7968220999,-140082.3371921889,-25044.7486494221,-2730.9377761845,-140075.9977382908,-16186.759459015,-12539.8553526406,-70062.5024188867,-16183.6139325001,-5431.3785008518,-8119.4855971275,-25036.0114673669
1.7,-5425.9521797215,-27.781932815,-140085.6942767389,-25046.2994741909,-2730.3649801442,-140078.3395612705,-16188.5187075324,-12539.4027052048,-70062.1267946714,-16186.2731672215,-5430.6438304717,-8119.39480678,-25037.1149651741
1.8,-5426.770153099,-27.5345383221,-140088.4153202325,-25047.2369689718,-2729.8630251917,-140080.5038471266,-16191.7575888559,-12538.9419890744,-70061.7259931897,-16188.2326319394,-5429.7875444693,-8119.1877627864,-25038.2004758864
1.9,-5427.4735558675,-27.1322264848,-140090.3464686088,-25047.7199690901,-2729.379090161,-140082.3747088166,-16195.7836626954,-12538.4332597196,-70061.2946691062,-16190.2511528953,-5429.0596243031,-8118.8867093475,-25039.7827885272
2.0,-5428.0960605803,-26.7777247261,-140091.5600838624,-25047.8431846611,-2728.9246471549,-140084.4900972426,-16199.7506258301,-12537.9379975264,-70060.8579204932,-16193.4296444801,-5428.3495874014,-8118.5232966279,-25041.6140690415
2.1,-5428.7660872112,-26.3117619865,-140092.2103191093,-25047.7382654697,-2728.586509526,-140086.3000917137,-16202.4846618772,-12537.5429728964,-70060.514152085,-16195.9114012345,-5428.063982835,-8118.1870776471,-25042.9215912357
2.2,-5429.4638099376,-25.9517711243,-140092.5351069793,-25047.4852824397,-2728.3397390157,-140087.744080313,-16204.2699860409,-12537.2118265226,-70060.1204856208,-16197.6494720985,-5428.2001223536,-8117.7785518936,-25043.8325667779
2.3,-5429.8718602451,-25.8830221798,-140092.6098307557,-25047.120714698,-2728.0603654612,-140088.8124082358,-16205.462272808,-12536.8808160057,-70059.6455129528,-16199.3025133668,-5428.2985210847,-8117.2527407486,-25044.5074283779
2.4,-5430.1305859473,-25.8650106341,-140092.51552587,-25046.6981484406,-2727.8158048257,-140089.6458053478,-16206.220647607,-12536.5337292387,-70059.2230038083,-16201.1695790479,-5428.308374173,-8116.798922057,-25045.0971126867
2.5,-5430.4000328409,-25.7181402529,-140092.3053268082,-25046.2452782188,-2727.5369244741,-140090.5038424338,-16206.6600308567,-12536.2160426172,-70058.9566492912,-16202.7070111868,-5428.2672531754,-8116.4763640423,-25045.6785228719
2.6,-5430.6479230211,-25.4672087883,-140092.017570015,-25045.7444484495,-2727.2548038585,-140091.3478155006,-16206.8144779503,-12535.8136485092,-70058.676386038,-16203.9607933971,-5428.1773729939,-8116.1968426968,-25046.3490729978
2.7,-5430.8306621523,-25.317722416,-140091.7594459653,-25045.277424695,-2727.0876849164,-140091.8967484205,-16206.817974519,-12535.4684354429,-70058.3668866808,-16204.9536475503,-5428.1917496803,-8115.8741775441,-25046.8940473906
2.8,-5430.9881944499,-25.2693781508,-140091.4758957028,-25044.962041568,-2727.0360725293,-140092.2641440158,-16206.7524166889,-12535.2978140805,-70058.1641431415,-16205.5284032772,-5428.356711789,-8115.6169129428,-25047.2800228479
2.9,-5431.1606474058,-25.1718582381,-140091.0575744417,-25044.6843837891,-2726.9847052705,-140092.4717205346,-16206.5971026495,-12535.1613128208,-70057.994891946,-16205.9191783292,-5428.4775123945,-8115.4896007177,-25047.5078675459
3.0,-5431.3433063193,-24.9963907702,-140090.653040085,-25044.3640830554,-2726.8562247856,-140092.6925342738,-16206.37152455,-12534.9529413859,-70057.7655751833,-16206.2644059984,-5428.412434659,-8115.3535446423,-25047.7196625115
3.1,-5431.4973203202,-24.8272544374,-140090.3469657823,-25044.1245803703,-2726.7047570628,-140092.8959166481,-16206.1633095741,-12534.7304739867,-70057.5106015527,-16206.6385122675,-5428.2104218136,-8115.1027826622,-25047.8778135913
3.2,-5431.611575274,-24.6921760412,-140090.1197223179,-25043.9145322665,-2726.568443223,-140093.0648640648,-16205.9747597538,-12534.5530786478,-70057.3103133388,-16206.9341295457,-5428.0381804868,-8114.873388567,-25048.0133946306
3.3,-5431.7164709335,-24.5851035458,-140089.8988642637,-25043.6734666321,-2726.4458353601,-140093.2159562177,-16205.7743836455,-12534.4090890913,-70057.1592020404,-16207.1719116915,-5427.9545899956,-8114.7087848862,-25048.1444126045
3.4,-5431.8283071487,-24.5211722923,-140089.6416132674,-25043.4489521217,-2726.3218225947,-140093.3540715488,-16205.5301511735,-12534.26592993,-70057.0153891598,-16207.3642302229,-5427.8729030318,-8114.5710893908,-25048.261198747
3.5,-5431.9466888847,-24.4774494811,-140089.3321371656,-25043.2555666901,-2726.1835682404,-140093.472132313,-16205.186816642,-12534.0818805117,-70056.8328924874,-16207.5042774042,-5427.7436220776,-8114.3978174504,-25048.3554817908
3.6,-5432.0582485601,-24.4185735001,-140089.0505456365,-25043.0973768979,-2726.0514426667,-140093.5784452065,-16204.7978928405,-12533.8943876294,-70056.6516913617,-16207.61992065,-5427.6138569,-8114.2054852571,-25048.4376027233
3.7,-5432.1337415991,-24.3462720919,-140088.8569912761,-25042.9887575526,-2725.9372482092,-140093.6835439914,-16204.4840444177,-12533.7709984382,-70056.5454401651,-16207.7441959678,-5427.5193168863,-8114.0841723323,-25048.5149063808
3.8,-5432.1788012287,-24.2565732092,-140088.7220447026,-25042.9107756996,-2725.8244769106,-140093.8012785998,-16204.2475455422,-12533.6852154987,-70056.4954307737,-16207.8848202934,-5427.4414944994,-8114.0211708858,-25048.5998206919
3.9,-5432.2289529354,-24.1128400462,-140088.587864358,-25042.8073998643,-2725.6668414271,-140093.9248839938,-16204.0559467207,-12533.55764561,-70056.4025046679,-16208.0222436676,-5427.3433512124,-8113.9211910002,-25048.6969573212
4.0,-5432.2873838446,-23.9164727146,-140088.4182314724,-25042.6513091195,-2725.4671999975,-140094.009145242,-16203.8618559576,-12533.3603578856,-70056.2044299381,-16208.1198798855,-5427.2209754621,-8113.7277435954,-25048.7775812227
4.1,-5432.3204071066,-23.7757349247,-140088.2543935115,-25042.5018272512,-2725.3471726803,-140094.0349257881,-16203.6782209035,-12533.1995740868,-70056.0285209592,-16208.1621258974,-5427.1796640804,-8113.5559403835,-25048.8202577821
4.2,-5432.3114451499,-23.7808302533,-140088.1569914427,-25042.4620425273,-2725.3756874675,-140094.0352861216,-16203.574302623,-12533.1513425445,-70055.9866361662,-16208.1760822,-5427.2970415027,-8113.5247949163,-25048.8417035115
4.3,-5432.283221684,-23.856423991,-140088.1500177979,-25042.546569257,-2725.4969018394,-140094.0414110651,-16203.5561510678,-12533.1772471383,-70056.0290430472,-16208.1909277192,-5427.4892983923,-8113.59421784,-25048.8658525864
4.4,-5432.2678764599,-23.8405624994,-140088.1362320986,-25042.6176544977,-2725.5458247536,-140094.0766693636,-16203.4831341114,-12533.1976062988,-70056.0760273612,-16208.2285558034,-5427.5847962217,-8113.6641837859,-25048.9159357339
4.5,-5432.252768164,-23.6111499159,-140087.9222085746,-25042.4732964574,-2725.3725144359,-140094.1286253649,-16203.1547459792,-12533.0549655568,-70055.9996493264,-16208.2828459147,-5427.5235043903,-8113.5899573433,-25048.9770419104
4.6,-5432.1998108408,-23.244648091,-140087.4652007846,-25042.0247907708,-2725.0088081363,-140094.1407740102,-16202.6073111091,-12532.7121388681,-70055.7146139995,-16208.3039783715,-5427.3760670022,-8113.2764667301,-25048.9950066355
4.7,-5432.107168264,-22.8816685413,-140087.020675445,-25041.5749512124,-2724.6703341263,-140094.0906522996,-16202.1559631862,-12532.3959772554,-70055.3653131465,-16208.2748993685,-5427.2082952456,-8112.8823930094,-25048.9480107475
4.8,-5432.0279145406,-22.6393421343,-140086.7272414714,-25041.3059593304,-2724.4784967136,-140094.0398352193,-16201.8731960542,-12532.210475603,-70055.1461273064,-16208.2598236121,-5427.1008359353,-8112.6365976043,-25048.8922802566
4.9,-5432.0124352469,-22.5374412396,-140086.6017982108,-25041.2002774766,-2724.4033815516,-140094.0417919695,-16201.7416354613,-12532.1345658337,-70055.0577751319,-16208.2859315563,-5427.0621029205,-8112.5386799216,-25048.8885752206
5.0,-5432.0550312639,-22.5188264728,-140086.5794872344,-25041.1817899027,-2724.3868982347,-140094.08779045,-16201.7158708768,-12532.1171522779,-70055.0398696766,-16208.3368562457,-5427.0559717521,-8112.5199797991,-25048.9333789886
5.1,-5432.1114590629,-22.5187940507,-140086.5788468523,-25041.1813965938,-2724.3828316008,-140094.1436211932,-16201.7148220222,-12532.1126066362,-70055.0370535599,-16208.3922795892,-5427.0559292842,-8112.5187708411,-25048.9894565904
5.2,-5432.1657200675,-22.5187657232,-140086.5782694523,-25041.1810482622,-2724.3789243067,-140094.1973430264,-16201.7138449457,-12532.1082454504,-70055.0343584623,-16208.4456028186,-5427.0558921285,-8112.5176261835,-25049.0434070627
5.3,-5432.2179371428,-22.5187409193,-140086.577749914,-25041.1807396996,-2724.3751669713,-140094.2490737786,-16201.7129397197,-12532.1040571687,-70055.0317761502,-16208.496948956,-5427.055859557,-8112.5165403954,-25049.0953485761
5.4,-5432.2682227466,-22.5187191539,-140086.5772831556,-25041.1804662442,-2724.3715509975,-140094.2989218764,-16201.7121050004,-12532.1000313062,-70055.0292992061,-16208.5464301658,-5427.0558309484,-8112.5155086038,-25049.1453897623
5.5,-5432.3166821313,-22.5187000141,-140086.5768642633,-25041.1802237385,-2724.3680684111,-140094.3469884041,-16201.7113383431,-12532.0961581786,-70055.0269208004,-16208.5941497868,-5427.0558057713,-8112.5145264436,-25049.1936324621
5.6,-5432.3634129014,-22.518683148,-140086.5764885852,-25041.180008502,-2724.3647118498,-140094.39336634,-16201.7106365091,-12532.0924288854,-70055.0246347499,-16208.6402026397,-5427.0557835711,-8112.5135899988,-25049.240170625
5.7,-5432.40850586,-22.5186682551,-140086.5761517859,-25041.1798172841,-2724.3614744864,-140094.4381427561,-16201.7099957592,-12532.0888352677,-70055.0224354042,-16208.6846759635,-5427.0557639581,-8112.5126957559,-25049.285092408
5.8,-5432.4520456431,-22.5186550782,-140086.5758498693,-25041.1796472238,-2724.3583499806,-140094.4813986265,-16201.70941205,-12532.0853697516,-70055.0203175645,-16208.7276508996,-5427.0557465978,-8112.5118405611,-25049.3284799201
5.9,-5432.4941104964,-22.5186433967,-140086.5755791857,-25041.1794958067,-2724.3553324858,-140094.5232088348,-16201.7088812198,-12532.0820254076,-70055.0182765115,-16208.7692020342,-5427.055731203,-8112.5110215874,-25049.3704093949
6.0,-5432.5347746286,-22.5186330212,-140086.5753364253,-25041.1793608263,-2724.3524165357,-140094.5636445273,-16201.7083991184,-12532.0787957716,-70055.0163078757,-16208.8093990294,-5427.0557175259,-8112.5102362722,-25049.4109524382
6.1,-5432.5741064889,-22.5186237884,-140086.5751185992,-25041.1792403453,-2724.349597013,-140094.6027711636,-16201.7079616962,-12532.0756748438,-70055.0144076328,-16208.8483069278,-5427.0557053531,-8112.5094823072,-25049.4501764195
6.2,-5432.6121704789,-22.5186155575,-140086.5749230265,-25041.1791326673,-2724.3468691855,-140094.6406510777,-16201.7075650822,-12532.0726570896,-70055.0125720745,-16208.8859866589,-5427.0556944999,-8112.5087576065,-25049.4881440138
6.3,-5432.6490271623,-22.5186082067,-140086.5747473059,-25041.1790363045,-2724.3442285687,-140094.677342163,-16201.7072056152,-12532.0697373079,-70055.0107977659,-16208.9224948562,-5427.0556848066,-8112.5080602739,-25049.524914457
6.4,-5432.6847326185,-22.5186016306,-140086.5745892936,-25041.1789499533,-2724.3416710569,-140094.7128989226,-16201.7068798842,-12532.0669107293,-70055.0090815428,-16208.9578843262,-5427.0556761346,-8112.5073885912,-25049.5605424486
6.5,-5432.7193399407,-22.5185957377,-140086.5744470794,-25041.1788724693,-2724.3391927467,-140094.7473722309,-16201.7065847246,-12532.0641728066,-70055.007420459,-16208.9922055473,-5427.0556683635,-8112.5067409915,-25049.595080487
6.6,-5432.7528992339,-22.5185904483,-140086.5743189631,-25041.1788028485,-2724.3367899615,-140094.7808110263,-16201.7063172266,-12532.0615193831,-70055.0058117717,-16209.0255056048,-5427.0556613886,-8112.506116039,-25049.6285775634
6.7,-5432.7854571831,-22.5185856931,-140086.5742034329,-25041.1787402088,-2724.3344593033,-140094.8132601448,-16201.7060747272,-12532.0589464851,-70055.0042529405,-16209.0578283978,-5427.0556551183,-8112.5055124307,-25049.6610793578
6.8,-5432.8170581248,-22.5185814113,-140086.5740991445,-25041.1786837745,-2724.3321975177,-140094.8447630873,-16201.7058548017,-12532.0564504378,-70055.0027415672,-16209.0892163468,-5427.0556494728,-8112.5049289572,-25049.6926299398
6.9,-5432.8477434014,-22.5185775501,-140086.5740049076,-25041.1786328647,-2724.3300016127,-140094.8753596467,-16201.7056552509,-12532.0540278214,-70055.0012754511,-16209.1197080215,-5427.0556443823,-8112.5043645228,-25049.7232698262
7.0,-5432.8775524329,-22.518574063,-140086.5739196613,-25041.1785868778,-2724.3278687239,-140094.9050882432,-16201.7054740819,-12532.0516753464,-70054.9998525161,-16209.1493415536,-5427.0556397855,-8112.5038181061,-25049.7530374676
7.1,-5432.9065218571,-22.5185709093,-140086.5738424642,-25041.1785452838,-2724.3257961671,-140094.9339850563,-16201.7053094931,-12532.0493899846,-70054.9984708074,-16209.1781516187,-5427.0556356286,-8112.5032887696,-25049.7819698838
7.2,-5432.9346870309,-22.5185680529,-140086.5737724801,-25041.178507615,-2724.3237813838,-140094.9620844395,-16201.7051598624,-12532.0471688457,-70054.997128501,-16209.2061717845,-5427.0556318643,-8112.502775647,-25049.8101013678
7.3,-5432.9620807422,-22.5185654625,-140086.5737089661,-25041.1784734582,-2724.3218219944,-140094.9894184794,-16201.7050237294,-12532.0450092157,-70054.9958238809,-16209.233433849,-5427.0556284508,-8112.5022779254,-25049.8374647649
7.4,-5432.9887342815,-22.5185631101,-140086.5736512612,-25041.1784424479,-2724.3199157439,-140095.0160178423,-16201.7048997798,-12532.0429085682,-70054.9945553495,-16209.2599673964,-5427.0556253515,-8112.5017948723,-25049.8640906078
7.5,-5433.0146772272,-22.5185609711,-140086.5735987769,-25041.1784142597,-2724.3180604876,-140095.0419115507,-16201.7047868291,-12532.0408644819,-70054.9933213786,-16209.2858012821,-5427.0556225337,-8112.5013257809,-25049.8900086123
7.6,-5433.0399376594,-22.5185590236,-140086.5735509893,-25041.1783886061,-2724.3162541914,-140095.0671271895,-16201.7046838169,-12532.0388746529,-70054.9921205408,-16209.3109621254,-5427.0556199686,-8112.5008700086,-25049.9152461705
7.7,-5433.0645421593,-22.5185572483,-140086.5735074313,-25041.1783652318,-2724.3144949309,-140095.0916908984,-16201.7045897865,-12532.0369369472,-70054.9909514878,-16209.3354757911,-5427.0556176307,-8112.5004269501,-25049.9398298485
7.8,-5433.0885160237,-22.5185556281,-140086.5734676862,-25041.1783439097,-2724.3127808913,-140095.1156273657,-16201.7045038805,-12532.0350493186,-70054.9898129421,-16209.3593667411,-5427.0556154974,-8112.4999960396,-25049.9637847387
7.9,-5433.1118830499,-22.5185541477,-140086.5734313825,-25041.1783244377,-2724.3111103669,-140095.1389604662,-16201.7044253286,-12532.033209822,-70054.9887037095,-16209.3826578081,-5427.0556135484,-8112.4995767513,-25049.9871344565
8.0,-5433.1346659644,-22.5185527935,-140086.5733981875,-25041.1783066355,-2724.3094816806,-140095.1617121829,-16201.7043534371,-12532.0314166386,-70054.9876226371,-16209.405371472,-5427.0556117658,-8112.4991685882,-25050.009901566
8.1,-5433.1568865303,-22.5185515533,-140086.5733678036,-25041.1782903423,-2724.3078932912,-140095.1839043189,-16201.7042875827,-12532.0296680086,-70054.9865686466,-16209.4275285667,-5427.0556101336,-8112.4987710807,-25050.0321076854
8.2,-5433.1785650103,-22.5185504163,-140086.5733399653,-25041.1782754142,-2724.3063437389,-140095.2055567786,-16201.7042272057,-12532.0279622975,-70054.9855407327,-16209.4491489168,-5427.0556086375,-8112.4983837955,-25050.053772948
8.3,-5433.1997214539,-22.5185493728,-140086.5733144332,-25041.1782617226,-2724.3048315653,-140095.2266893848,-16201.7041717999,-12532.0262979151,-70054.9845379027,-16209.4702520785,-5427.0556072646,-8112.4980063172,-25050.0749172874
8.4,-5433.220373981,-22.5185484141,-140086.5732909938,-25041.1782491523,-2724.3033554875,-140095.2473200555,-16201.7041209126,-12532.0246733957,-70054.9835592425,-16209.4908557305,-5427.0556060035,-8112.4976382583,-25050.0955587199
8.5,-5433.2405409271,-22.5185475325,-140086.5732694545,-25041.1782375997,-2724.3019141696,-140095.2674668365,-16201.7040741333,-12532.0230872629,-70054.9826038759,-16209.5109777006,-5427.0556048439,-8112.4972792507,-25050.1157154877
8.6,-5433.2602388051,-22.5185467209,-140086.5732496423,-25041.1782269721,-2724.3005064377,-140095.2871463987,-16201.704031093,-12532.0215382046,-70054.9816709641,-16209.5306343566,-5427.0556037766,-8112.4969289458,-25050.13540402
8.7,-5433.2794838069,-22.5185459731,-140086.5732314023,-25041.1782171862,-2724.2991311186,-140095.3063743584,-16201.7039914593,-12532.0200249244,-70054.9807597254,-16209.5498414589,-5427.0556027933,-8112.4965870199,-25050.1546404336
8.8,-5433.2982916958,-22.5185452833,-140086.5732145937,-25041.1782081665,-2724.2977870798,-140095.3251666673,-16201.7039549305,-12532.0185461817,-70054.9798693879,-16209.5686142622,-5427.0556018866,-8112.4962531608,-25050.1734404242
8.9,-5433.3166767342,-22.5185446466,-140086.5731990907,-25041.1781998458,-2724.2964733103,-140095.3435372543,-16201.703921236,-12532.0171008051,-70054.9789992495,-16209.5869671941,-5427.0556010496,-8112.4959270737,-25050.1918181934
9.0,-5433.3346535069,-22.5185440582,-140086.5731847788,-25041.1781921624,-2724.2951887459,-140095.3615008102,-16201.7038901283,-12532.0156876516,-70054.9781486038,-16209.6049141688,-5427.0556002763,-8112.4956084755,-25050.2097881633
9.1,-5433.3522352046,-22.5185435141,-140086.5731715553,-25041.1781850617,-2724.2939324568,-140095.3790702139,-16201.7038613867,-12532.0143056739,-70054.9773168136,-16209.6224684835,-5427.0555995613,-8112.4952971051,-25050.2273636898
9.2,-5433.3694345892,-22.5185430105,-140086.5731593269,-25041.1781784936,-2724.2927035072,-140095.3962582464,-16201.7038348086,-12532.0129538663,-70054.9765032437,-16209.6396424883,-5427.0555988996,-8112.4949927108,-25050.2445572754
9.3,-5433.3862642088,-22.518542544,-140086.5731480093,-25041.1781724131,-2724.2915010084,-140095.4130774832,-16201.7038102119,-12532.0116311973,-70054.9757072942,-16209.6564487677,-5427.0555982867,-8112.4946950486,-25050.2613816419
9.4,-5433.402735646,-22.5185421114,-140086.5731375259,-25041.1781667792,-2724.2903241325,-140095.4295392198,-16201.7037874307,-12532.0103367575,-70054.9749284069,-16209.6728986356,-5427.0555977185,-8112.4944038935,-25050.277848228
9.5,-5433.4188605915,-22.51854171,-140086.5731278075,-25041.1781615549,-2724.2891720451,-140095.4456551886,-16201.7037663145,-12532.0090696518,-70054.9741660115,-16209.6890034213,-5427.0555971913,-8112.4941190241,-25050.2939685836
9.6,-5433.4346495557,-22.5185413372,-140086.5731187909,-25041.1781567065,-2724.288043979,-140095.4614358403,-16201.7037467264,-12532.007829013,-70054.9734195996,-16209.7047739306,-5427.0555967018,-8112.4938402329,-25050.3097532962
9.7,-5433.4501128351,-22.5185409908,-140086.5731104193,-25041.1781522035,-2724.2869392079,-140095.4768914175,-16201.7037285426,-12532.0066140282,-70054.9726886772,-16209.7202200175,-5427.055596247,-8112.4935673271,-25050.3252127421
9.8,-5433.4652607264,-22.5185406686,-140086.5731026402,-25041.178148018,-2724.2858569852,-140095.4920321673,-16201.7037116492,-12532.0054238852,-70054.9719727443,-16209.7353519748,-5427.055595824,-8112.4933001108,-25050.3403569782
9.9,-5433.4801024536,-22.5185403687,-140086.5730954066,-25041.1781441248,-2724.2847966517,-140095.5068673764,-16201.7036959438,-12532.0042578666,-70054.9712713628,-16209.7501789267,-5427.0555954303,-8112.4930384075,-25050.3551954204
10.0,-5433.4946475628,-22.5185400894,-140086.5730886751,-25041.1781405006,-2724.2837575284,-140095.521406228,-16201.7036813317,-12532.0031151881,-70054.970584068,-16209.7647102195,-5427.0555950637,-8112.4927820404,-25050.3697373793
10.1,-5433.5089046347,-22.518539829,-140086.5730824063,-25041.1781371247,-2724.2827389968,-140095.5356575875,-16201.7036677274,-12532.0019952007,-70054.9699104498,-16209.7789545653,-5427.055594722,-8112.4925308456,-25050.3839915243
10.2,-5433.5228820359,-22.5185395862,-140086.5730765645,-25041.1781339775,-2724.2817404587,-140095.54962968,-16201.7036550527,-12532.0008972217,-70054.9692501057,-16209.7929200396,-5427.0555944033,-8112.4922846668,-25050.3979663116
10.3,-5433.5365881326,-22.5185393595,-140086.5730711164,-25041.1781310417,-2724.2807613157,-140095.5633308407,-16201.7036432356,-12531.999820596,-70054.9686026335,-16209.8066151531,-5427.0555941059,-8112.4920433469,-25050.4116698772
10.4,-5433.5500305408,-22.5185391478,-140086.5730660324,-25041.1781283012,-2724.2798010169,-140095.5767687645,-16201.7036322111,-12531.9987647226,-70054.967967672,-16209.820047351,-5427.0555938281,-8112.4918067449,-25050.4251100372
10.5,-5433.5632170907,-22.5185389499,-140086.5730612847,-25041.1781257411,-2724.2788590179,-140095.5899509336,-16201.7036219187,-12531.9977289805,-70054.9673448468,-16209.8332242972,-5427.0555935685,-8112.4915747185,-25050.4382943939
10.6,-5433.5761548618,-22.5185387648,-140086.5730568483,-25041.1781233482,-2724.2779347946,-140095.6028847257,-16201.7036123039,-12531.9967128165,-70054.9667338111,-16209.8461531254,-5427.0555933257,-8112.4913471349,-25050.4512301222
10.7,-5433.5888507193,-22.5185385916,-140086.5730527001,-25041.1781211101,-2724.2770278701,-140095.6155767693,-16201.7036033161,-12531.9957156905,-70054.9661342519,-16209.8588406514,-5427.0555930986,-8112.4911238665,-25050.463924076
10.8,-5433.6013115282,-22.5185384294,-140086.5730488189,-25041.1781190153,-2724.2761377337,-140095.6280341243,-16201.7035949093,-12531.9947370365,-70054.965545823,-16209.8712936953,-5427.0555928859,-8112.4909047848,-25050.4763831101
10.9,-5433.6135436174,-22.5185382774,-140086.5730451851,-25041.1781170536,-2724.2752639489,-140095.6402629935,-16201.7035870408,-12531.9937763822,-70054.9649682255,-16209.8835185445,-5427.0555926866,-8112.4906897787,-25050.4886136514
11.0,-5433.625553423,-22.5185381349,-140086.573041781,-25041.1781152152,-2724.2744060522,-140095.6522697965,-16201.7035796719,-12531.9928332086,-70054.9644011676,-16209.8955215971,-5427.0555924998,-8112.4904787255,-25050.5006219128
11.1,-5433.6373468449,-22.5185380013,-140086.5730385901,-25041.1781134915,-2724.2735636205,-140095.66406031,-16201.7035727665,-12531.9919070508,-70054.963844351,-16209.907308718,-5427.0555923245,-8112.4902715199,-25050.5124138935
11.2,-5433.6489295684,-22.5185378758,-140086.5730355974,-25041.1781118744,-2724.2727362441,-140095.6756404199,-16201.7035662918,-12531.9909974573,-70054.9632975113,-16209.9188855605,-5427.05559216,-8112.4900680586,-25050.5239952716
11.3,-5433.6603073862,-22.518537758,-140086.5730327887,-25041.1781103563,-2724.2719235067,-140095.687015798,-16201.7035602173,-12531.9901039769,-70054.9627603706,-16209.9302578874,-5427.0555920056,-8112.4898682335,-25050.5353718331
11.4,-5433.6714855546,-22.5185376472,-140086.5730301515,-25041.1781089304,-2724.2711250456,-140095.6981915816,-16201.7035545151,-12531.9892261986,-70054.9622326852,-16209.9414308207,-5427.0555918604,-8112.4896719522,-25050.5465488281
11.5,-5433.68246933,-22.5185375431,-140086.5730276736,-25041.1781075903,-2724.2703404648,-140095.7091732302,-16201.7035491593,-12531.9883636916,-70054.9617141911,-16209.9524098058,-5427.055591724,-8112.4894791155,-25050.5575316144
11.6,-5433.6932638615,-22.5185374452,-140086.5730253444,-25041.1781063303,-2724.269569415,-140095.719965668,-16201.7035441261,-12531.9875160721,-70054.9612046582,-16209.9631997543,-5427.0555915956,-8112.4892896349,-25050.5683250142
11.7,-5433.7038736545,-22.518537353,-140086.5730231536,-25041.1781051448,-2724.2688115539,-140095.7305736057,-16201.7035393935,-12531.9866829631,-70054.9607038632,-16209.9738053646,-5427.0555914748,-8112.4891034253,-25050.5789339571
11.8,-5433.714303751,-22.5185372661,-140086.5730210919,-25041.1781040289,-2724.2680665392,-140095.7410018615,-16201.7035349412,-12531.9858639812,-70054.9602115629,-16209.9842315517,-5427.055591361,-8112.488920395,-25050.5893631587
11.9,-5433.7245585492,-22.5185371843,-140086.5730191508,-25041.1781029779,-2724.2673340552,-140095.751254933,-16201.7035307503,-12531.9850587829,-70054.9597275678,-16209.9944824808,-5427.0555912539,-8112.4887404678,-25050.5996170131
12.0,-5433.7346424474,-22.5185371072,-140086.5730173221,-25041.1781019876,-2724.2666137799,-140095.7613373182,-16201.7035268035,-12531.9842670119,-70054.9592516417,-16210.0045629624,-5427.0555911528,-8112.4885635626,-25050.6097001293
