Distance_angs,F2_charge-2_spin1_mace-omol-polar,Br2_charge0_spin1_mace-omol-polar,Cl2_charge0_spin1_mace-omol-polar,Br2_charge-2_spin1_mace-omol-polar,I2_charge0_spin1_mace-omol-polar,I2_charge-2_spin1_mace-omol-polar,F2_charge0_spin1_mace-omol-polar,Cl2_charge-2_spin1_mace-omol-polar,H2_charge0_spin1_mace-omol-polar,HF_charge0_spin1_mace-omol-polar,HCl_charge0_spin1_mace-omol-polar,HBr_charge0_spin1_mace-omol-polar,HI_charge0_spin1_mace-omol-polar,K2_charge0_spin1_mace-omol-polar,Li2_charge2_spin1_mace-omol-polar,Na2_charge2_spin1_mace-omol-polar,Li2_charge0_spin1_mace-omol-polar,Na2_charge0_spin1_mace-omol-polar,K2_charge2_spin1_mace-omol-polar,NaBr_charge0_spin1_mace-omol-polar,LiCl_charge0_spin1_mace-omol-polar,LiF_charge0_spin1_mace-omol-polar,LiI_charge0_spin1_mace-omol-polar,KI_charge0_spin1_mace-omol-polar,KCl_charge0_spin1_mace-omol-polar,NaCl_charge0_spin1_mace-omol-polar,NaF_charge0_spin1_mace-omol-polar,KBr_charge0_spin1_mace-omol-polar,KF_charge0_spin1_mace-omol-polar,LiBr_charge0_spin1_mace-omol-polar,NaI_charge0_spin1_mace-omol-polar
0.5000000000000,18427239988672.9000000000000,5765543013357510000.0000000000000,356455533670462000.0000000000000,5765543019926680000.0000000000000,550872081314591000.0000000000000,550872079421708000.0000000000000,18427254599541.0000000000000,356455531896615000.0000000000000,-29.6600000000000,6477530412421.6600000000000,995249961463914000000.0000000000000,1577407523748330000.0000000000000,1603089731042550000000000.0000000000000,-32632.9085462510000,-342.3149131045000,-8806.9838991435000,-374.3665816514000,-8825.3101236361000,-32616.1592345984000,412965869059713000.0000000000000,16287994484154600000.0000000000000,11052787741462.5000000000000,157321318392633000.0000000000000,722986620168732000.0000000000000,1083862621836220000.0000000000000,3047239976949880000.0000000000000,34774037488965800.0000000000000,15552092646559400000.0000000000000,376537503669932000.0000000000000,1407294249773700000.0000000000000,77303064188681100.0000000000000
0.6000000000000,496536322.0600000000000,2791911988737470000.0000000000000,6885973674143180000000.0000000000000,2791911983700220000.0000000000000,51535302607918.9000000000000,51535327430250.8000000000000,496616589.7100000000000,6885973675152450000000.0000000000000,-31.0800000000000,2557.6800000000000,91927164566992.0000000000000,4910755961391.0600000000000,64708058845650200.0000000000000,-32641.9651181576000,-368.4740136601000,-8807.7920191452000,-387.5195748450000,-8825.9898027682000,-32624.7549693244000,5113675569783010.0000000000000,310832507184042000.0000000000000,1372433419966.4700000000000,570205105250464.0000000000000,9997716174875110.0000000000000,8394094598417180000.0000000000000,159942540136581000.0000000000000,15790599423.4673000000000,607272484213019000.0000000000000,5184942346082300.0000000000000,5428277458226210.0000000000000,21270514247924100.0000000000000
0.7000000000000,-5400.8700000000000,48523008820255.4000000000000,3004420766100280.0000000000000,48522983064608.9000000000000,3525184960633.5100000000000,3525179648405.2400000000000,-5412.9400000000000,3004420803836280.0000000000000,-31.5500000000000,-2731.0100000000000,12268.2200000000000,2133535.2100000000000,153003482097861.0000000000000,-32642.9191698826000,-372.4515217496000,-8806.9089628051000,-390.6682783684000,-8824.9700166029000,-32625.7848094404000,3952754329502.8900000000000,296444958381189.0000000000000,9000288.2326760200000,15927064417612.7000000000000,692090640.9605240000000,29738523547984100.0000000000000,120194512031960.0000000000000,-440.3647601981000,9090621181238.4000000000000,18852557560.1443000000000,386933005358155.0000000000000,31767162575033.8000000000000
0.8000000000000,-5420.4300000000000,2822094.2900000000000,4732571772.7700000000000,2817767.2300000000000,14654454.1900000000000,14657390.7600000000000,-5427.8300000000000,4732502383.3400000000000,-31.5300000000000,-2733.0900000000000,-12528.6700000000000,-69973.5200000000000,493776.7700000000000,-32642.7417524437000,-373.7419413951000,-8805.0681962001000,-395.4580966090000,-8823.9685324625000,-32625.9823369358000,484554.0982227650000,582557859792.6770000000000,-2910.8568270442000,8227083307.3312700000000,32208.1557230291000,8990149.9636947800000,4753747.0389646300000,-7124.2114031210000,827790.7047975020000,-19029.3533846813000,1645161051.6967900000000,300841.1446122950000
0.9000000000000,-5417.3300000000000,-140064.6800000000000,-25024.5300000000000,-140058.8100000000000,-16189.1500000000000,-16176.5500000000000,-5423.8900000000000,-25016.6600000000000,-31.2500000000000,-2733.7000000000000,-12533.7100000000000,-70048.7400000000000,-8095.1900000000000,-32640.5002607538000,-377.8898759238000,-8802.1907468010000,-399.1122289157000,-8821.5238876923000,-32623.9079063660000,-72720.6797640313000,-966.9737611762000,-2912.1523006456000,28964.7052831018000,-24404.0045820177000,-28824.5156862846000,-16900.9915261458000,-7117.4904619762000,-86333.2042196352000,-19009.7434281946000,411197.1220767080000,-12493.0751546444000
1.0000000000000,-5416.0200000000000,-140048.4800000000000,-25019.1500000000000,-140040.1400000000000,-16127.0200000000000,-16087.3700000000000,-5423.2600000000000,-25012.5100000000000,-30.8400000000000,-2733.5700000000000,-12536.6300000000000,-70053.3800000000000,-8104.0200000000000,-32628.5771663617000,-381.0903928784000,-8797.8051015482000,-401.0225937431000,-8816.9712743277000,-32613.1702265656000,-74413.2076983218000,-12704.6204416023000,-2915.4587848211000,-7921.8213107528000,-24268.7123847113000,-853.2770965415000,-16903.3778624281000,-7113.2741524520000,-86326.9379208947000,-19018.0347806690000,-69045.9867970796000,-10925.0546567855000
1.1000000000000,-5419.5800000000000,-140022.4600000000000,-25017.8000000000000,-139992.3600000000000,-15172.7600000000000,-15283.2900000000000,-5427.1100000000000,-25010.2100000000000,-30.3600000000000,-2733.0900000000000,-12538.0300000000000,-70056.2600000000000,-8110.1100000000000,-32618.4993964142000,-382.8327887932000,-8797.7181953510000,-401.9058364899000,-8817.0824525952000,-32598.0143588552000,-74424.1023922710000,-12711.7333154698000,-2919.1963505193000,-8258.8515989059000,-14007.0014420769000,-28771.3815215509000,-16745.4183094764000,-7115.8633386913000,-84591.4678322188000,-19020.2105049355000,-70217.8444701678000,-12429.6430982339000
1.2000000000000,-5421.3700000000000,-139905.9800000000000,-25020.7700000000000,-139877.3500000000000,4201831.7700000000000,4194958.5300000000000,-5429.0900000000000,-25012.8900000000000,-29.8600000000000,-2732.4700000000000,-12538.6400000000000,-70057.7700000000000,-8113.3600000000000,-32612.9524501406000,-384.0540321978000,-8801.0753495551000,-402.5829073214000,-8819.3281879558000,-32592.6742164431000,-74429.0229530360000,-12717.6857734496000,-2921.3061577423000,20751.3188157354000,151313.3647262750000,18302.0302553386000,-16910.5383350967000,-7121.5583933472000,-85827.6203052195000,-19023.9162620385000,-70233.3153770592000,-12461.8746805575000
1.3000000000000,-5422.3200000000000,-139979.1200000000000,-25026.9900000000000,-140018.4700000000000,1298020.3000000000000,1299471.5800000000000,-5429.9400000000000,-25019.1500000000000,-29.3600000000000,-2731.7800000000000,-12538.7500000000000,-70058.4600000000000,-8115.1300000000000,-32623.9676897087000,-384.9450203604000,-8804.7274493048000,-403.1632139541000,-8821.7701534214000,-32598.3643665315000,-74436.6217270186000,-12721.8322457921000,-2922.5356612690000,-8290.2590088583000,21689.7927587930000,-28731.6322755585000,-16920.2917137137000,-7126.8538754827000,-86336.0553813390000,-19028.2062997182000,-70238.3923365182000,-12487.4446725621000
1.4000000000000,-5423.4400000000000,-140037.2800000000000,-25033.1100000000000,-140043.3100000000000,190071.7700000000000,280920.3300000000000,-5430.1000000000000,-25025.1700000000000,-28.8900000000000,-2731.0800000000000,-12538.5700000000000,-70058.6800000000000,-8116.1100000000000,-32622.4413147498000,-385.7215408473000,-8807.4819597011000,-403.8277746627000,-8823.8063312040000,-32603.6258783554000,-74442.7225058980000,-12724.4460891768000,-2923.1947089357000,-8295.7594024441000,-24246.9430195279000,-28819.4987048808000,-16926.4954955526000,-7130.1600841927000,-86319.7227903393000,-19032.7844732374000,-70241.8170690151000,-12493.7857078805000
1.5000000000000,-5425.2100000000000,-140064.5600000000000,-25037.7200000000000,-140057.1200000000000,-12950.9000000000000,-12828.9900000000000,-5429.8700000000000,-25029.6000000000000,-28.4300000000000,-2730.4000000000000,-12538.2200000000000,-70058.6100000000000,-8116.5700000000000,-32628.9195824419000,-386.4305379421000,-8809.3725708095000,-404.6008759913000,-8825.5571955014000,-32611.0359967224000,-74447.7182429502000,-12726.2099058080000,-2923.4733125961000,-8298.9176569455000,-24398.5374069704000,-28828.0713901210000,-16930.8985890043000,-7132.1317764225000,-86345.2341195101000,-19036.3822582423000,-70244.3655215415000,-12500.2939128938000
1.6000000000000,-5426.5400000000000,-140072.3700000000000,-25040.7800000000000,-140065.0100000000000,-7070.9800000000000,-6958.2000000000000,-5429.4600000000000,-25033.0800000000000,-28.0000000000000,-2729.7800000000000,-12537.7800000000000,-70058.3600000000000,-8116.7100000000000,-32633.9919883904000,-387.0313206425000,-8810.6558658739000,-405.3572982010000,-8826.9639698835000,-32617.4166467509000,-74451.5954616207000,-12727.4077127908000,-2923.5192328890000,-8301.5156343277000,-24403.1629381438000,-28833.3445105638000,-16934.0187966414000,-7133.2847707347000,-86349.0552009800000,-19038.8355104211000,-70246.1370837122000,-12505.1957722437000
1.7000000000000,-5427.7800000000000,-140077.2700000000000,-25042.5200000000000,-140070.0600000000000,-16174.3700000000000,-16150.0500000000000,-5428.9200000000000,-25035.3300000000000,-27.6000000000000,-2729.2200000000000,-12537.3000000000000,-70058.0100000000000,-8116.6200000000000,-32637.8884759530000,-387.5486844422000,-8811.5486813508000,-406.0121351185000,-8828.0576910601000,-32621.7618469065000,-74454.4114583820000,-12728.1666755179000,-2923.4283087715000,-8303.4166005341000,-24407.1008176662000,-28838.2400433500000,-16936.2021381183000,-7133.9284930154000,-86353.9317787715000,-19040.4733439930000,-70247.3114025094000,-12508.9996938160000
1.8000000000000,-5428.5700000000000,-140080.4800000000000,-25043.4500000000000,-140073.1400000000000,-16185.2300000000000,-16174.9400000000000,-5428.3300000000000,-25036.7700000000000,-27.2300000000000,-2728.6700000000000,-12536.8000000000000,-70057.6000000000000,-8116.4100000000000,-32640.6693285429000,-388.0107656914000,-8812.2043298289000,-406.5496428850000,-8828.8883240041000,-32624.9286337415000,-74456.4169126780000,-12728.6055983224000,-2923.2602473408000,-8304.7302057163000,-24410.8221425641000,-28841.5397461747000,-16937.7169935767000,-7134.2506069990000,-86358.5291127636000,-19041.5368729498000,-70248.0683925941000,-12511.8510732057000
1.9000000000000,-5429.0500000000000,-140082.4300000000000,-25043.8700000000000,-140075.3900000000000,-16192.4900000000000,-16185.9600000000000,-5427.7700000000000,-25038.1800000000000,-26.8900000000000,-2728.1600000000000,-12536.3300000000000,-70057.1800000000000,-8116.1200000000000,-32642.5712072277000,-388.4290903083000,-8812.7166425154000,-406.9793882205000,-8829.5267012095000,-32627.2609609439000,-74457.8288135461000,-12728.8318918644000,-2923.0491272253000,-8305.6299602543000,-24415.4313802442000,-28843.8144907923000,-16938.7478982198000,-7134.3691883222000,-86361.6299353169000,-19042.2012440020000,-70248.5448061725000,-12513.9503799112000
2.0000000000000,-5429.3900000000000,-140083.6300000000000,-25043.9600000000000,-140077.6300000000000,-16195.5300000000000,-16189.1500000000000,-5427.3200000000000,-25039.4700000000000,-26.5700000000000,-2727.7200000000000,-12535.8600000000000,-70056.7300000000000,-8115.7800000000000,-32643.8680540360000,-388.8055239280000,-8813.1390535647000,-407.3126925446000,-8830.0307320976000,-32628.9790600477000,-74458.8119247548000,-12728.9166665490000,-2922.8145287567000,-8306.2380641373000,-24418.6956765698000,-28845.4475063658000,-16939.4151720143000,-7134.3588301089000,-86363.8196791962000,-19042.5898135488000,-70248.8224603319000,-12515.4654025040000
2.1000000000000,-5429.6900000000000,-140084.3000000000000,-25043.8500000000000,-140079.8100000000000,-16197.5600000000000,-16191.9300000000000,-5426.9600000000000,-25040.5100000000000,-26.2800000000000,-2727.3600000000000,-12535.4100000000000,-70056.2900000000000,-8115.4200000000000,-32644.8151724885000,-389.1423421368000,-8813.5017420532000,-407.5594878939000,-8830.4378446809000,-32630.2679337146000,-74459.4777834250000,-12728.9034106387000,-2922.5701541449000,-8306.6249193591000,-24421.0872931281000,-28846.6116255390000,-16939.8215764207000,-7134.2678342629000,-86365.4277966126000,-19042.7858957023000,-70248.9534671062000,-12516.5418679480000
2.2000000000000,-5429.9400000000000,-140084.6000000000000,-25043.6100000000000,-140081.0800000000000,-16199.2500000000000,-16194.5000000000000,-5426.6400000000000,-25041.2800000000000,-26.0100000000000,-2727.0300000000000,-12535.0000000000000,-70055.8700000000000,-8115.0400000000000,-32645.5537828763000,-389.4456755055000,-8813.8209606876000,-407.7322511605000,-8830.7685065058000,-32631.2316271723000,-74459.9033768567000,-12728.8227768419000,-2922.3246896258000,-8306.8495656933000,-24422.8401398151000,-28847.4243735705000,-16940.0482625602000,-7134.1286461511000,-86366.5973203126000,-19042.8507284854000,-70248.9804635506000,-12517.2901123323000
2.3000000000000,-5430.1400000000000,-140084.6500000000000,-25043.2900000000000,-140081.8900000000000,-16200.3800000000000,-16196.8700000000000,-5426.3500000000000,-25042.0200000000000,-25.7600000000000,-2726.7300000000000,-12534.6300000000000,-70055.5000000000000,-8114.6600000000000,-32646.1457339199000,-389.7227563684000,-8814.1055880375000,-407.8452339312000,-8831.0324819125000,-32631.9364545544000,-74460.1517278700000,-12728.6984459443000,-2922.0825895589000,-8306.9621137527000,-24424.1224362482000,-28847.9732745790000,-16940.1485110991000,-7133.9634087303000,-86367.4315443024000,-19042.8283857725000,-70248.9369336497000,-12517.7888113600000
2.4000000000000,-5430.3000000000000,-140084.5500000000000,-25042.9400000000000,-140082.5100000000000,-16201.0800000000000,-16198.3000000000000,-5426.1100000000000,-25042.7900000000000,-25.5300000000000,-2726.4600000000000,-12534.3000000000000,-70055.1700000000000,-8114.3000000000000,-32646.6274508821000,-389.9794312540000,-8814.3619563953000,-407.9122711905000,-8831.2364675029000,-32632.4537728096000,-74460.2773574928000,-12728.5475032335000,-2921.8473395249000,-8306.9938552185000,-24425.0617197706000,-28848.3250621961000,-16940.1616595000000,-7133.7855447366000,-86368.0111354745000,-19042.7492129021000,-70248.8462718714000,-12518.1082774418000
2.5000000000000,-5430.4400000000000,-140084.3300000000000,-25042.5600000000000,-140083.0500000000000,-16201.4500000000000,-16199.0400000000000,-5425.9200000000000,-25043.3600000000000,-25.3200000000000,-2726.2200000000000,-12533.9900000000000,-70054.8600000000000,-8113.9800000000000,-32647.0287183267000,-390.2199123524000,-8814.5951696611000,-407.9462830292000,-8831.3882090268000,-32632.8488988862000,-74460.3175805571000,-12728.3813530223000,-2921.6216364063000,-8306.9654575273000,-24425.7466074272000,-28848.5327332768000,-16940.1162666939000,-7133.6026626134000,-86368.3973878625000,-19042.6348327973000,-70248.7249168436000,-12518.3016671529000
2.6000000000000,-5430.5600000000000,-140084.0700000000000,-25042.1800000000000,-140083.6400000000000,-16201.6100000000000,-16199.4600000000000,-5425.7600000000000,-25043.7300000000000,-25.1200000000000,-2726.0000000000000,-12533.7000000000000,-70054.5700000000000,-8113.6800000000000,-32647.3674430403000,-390.4465317456000,-8814.8088478871000,-407.9582894060000,-8831.4967348860000,-32633.1656295376000,-74460.2978976741000,-12728.2075254312000,-2921.4065376961000,-8306.8943808777000,-24426.2346927682000,-28848.6378351068000,-16940.0317334332000,-7133.4193766514000,-86368.6396340457000,-19042.4999500734000,-70248.5843076919000,-12518.4022410818000
2.7000000000000,-5430.6700000000000,-140083.7600000000000,-25041.8000000000000,-140084.1900000000000,-16201.6000000000000,-16199.7500000000000,-5425.6400000000000,-25043.9900000000000,-24.9400000000000,-2725.8200000000000,-12533.4500000000000,-70054.3000000000000,-8113.4300000000000,-32647.6503270530000,-390.6597003208000,-8815.0054247127000,-407.9562097562000,-8831.5711490726000,-32633.4288433756000,-74460.2371972235000,-12728.0309033842000,-2921.2018476400000,-8306.7945243886000,-24426.5682893329000,-28848.6706047128000,-16939.9216999372000,-7133.2384013618000,-86368.7770258260000,-19042.3536700725000,-70248.4324470666000,-12518.4344417749000
2.8000000000000,-5430.7800000000000,-140083.4200000000000,-25041.4600000000000,-140084.6200000000000,-16201.5000000000000,-16200.0500000000000,-5425.5300000000000,-25044.1900000000000,-24.7700000000000,-2725.6700000000000,-12533.2200000000000,-70054.0500000000000,-8113.2000000000000,-32647.8812126494000,-390.8589439179000,-8815.1866894622000,-407.9447713260000,-8831.6194215697000,-32633.6528909187000,-74460.1488056095000,-12727.8545019739000,-2921.0070009146000,-8306.6760632696000,-24426.7828998295000,-28848.6524182080000,-16939.7956271026000,-7133.0613344273000,-86368.8387469515000,-19042.2016415457000,-70248.2748246971000,-12518.4176613280000
2.9000000000000,-5430.8800000000000,-140083.0900000000000,-25041.1500000000000,-140084.9300000000000,-16201.3200000000000,-16200.4700000000000,-5425.4500000000000,-25044.3500000000000,-24.6200000000000,-2725.5300000000000,-12533.0200000000000,-70053.8500000000000,-8113.0100000000000,-32648.0662826766000,-391.0440972473000,-8815.3542811360000,-407.9264539659000,-8831.6478903925000,-32633.8475869628000,-74460.0419090014000,-12727.6801956611000,-2920.8217081021000,-8306.5460959118000,-24426.9082916057000,-28848.5985913914000,-16939.6600934250000,-7132.8893718680000,-86368.8462733759000,-19042.0478915512000,-70248.1149366052000,-12518.3662456453000
3.0000000000000,-5430.9800000000000,-140082.7800000000000,-25040.8700000000000,-140085.1500000000000,-16201.0900000000000,-16200.9200000000000,-5425.3900000000000,-25044.4900000000000,-24.4700000000000,-2725.4100000000000,-12532.8300000000000,-70053.6700000000000,-8112.8400000000000,-32648.2133214288000,-391.2158115206000,-8815.5099310993000,-407.9027173354000,-8831.6612753476000,-32634.0203193215000,-74459.9231687203000,-12727.5094946618000,-2920.6460907539000,-8306.4093783647000,-24426.9683688556000,-28848.5200885189000,-16939.5198729580000,-7132.7235478380000,-86368.8151526011000,-19041.8955264961000,-70247.9551365456000,-12518.2905207382000
3.1000000000000,-5431.0700000000000,-140082.5000000000000,-25040.6200000000000,-140085.3100000000000,-16200.8400000000000,-16201.3200000000000,-5425.3500000000000,-25044.6200000000000,-24.3300000000000,-2725.2900000000000,-12532.6600000000000,-70053.5200000000000,-8112.6900000000000,-32648.3295427552000,-391.3753971081000,-8815.6553662611000,-407.8748036547000,-8831.6629546816000,-32634.1762982437000,-74459.7976250378000,-12727.3438288584000,-2920.4803708651000,-8306.2692049050000,-24426.9809908951000,-28848.4249450001000,-16939.3783864179000,-7132.5646472951000,-86368.7564598135000,-19041.7466556399000,-70247.7973693716000,-12518.1980878752000
3.2000000000000,-5431.1700000000000,-140082.2500000000000,-25040.4000000000000,-140085.4500000000000,-16200.5700000000000,-16201.6700000000000,-5425.3200000000000,-25044.7300000000000,-24.1900000000000,-2725.1800000000000,-12532.4900000000000,-70053.3800000000000,-8112.5800000000000,-32648.4207315813000,-391.5243890953000,-8815.7920864547000,-407.8439484393000,-8831.6554295709000,-32634.3189567499000,-74459.6689153982000,-12727.1843016061000,-2920.3244347756000,-8306.1279806924000,-24426.9588582259000,-28848.3191793532000,-16939.2378283481000,-7132.4131050481000,-86368.6784250715000,-19041.6024051842000,-70247.6432477045000,-12518.0946050408000
3.3000000000000,-5431.2600000000000,-140082.0200000000000,-25040.2000000000000,-140085.5700000000000,-16200.3000000000000,-16201.9600000000000,-5425.3000000000000,-25044.8300000000000,-24.0500000000000,-2725.0700000000000,-12532.3300000000000,-70053.2300000000000,-8112.4700000000000,-32648.4914076128000,-391.6641662955000,-8815.9212247242000,-407.8113169690000,-8831.6407942151000,-32634.4507134943000,-74459.5394081349000,-12727.0314735036000,-2920.1776740137000,-8305.9874516922000,-24426.9112580068000,-28848.2071625471000,-16939.0994658698000,-7132.2690162227000,-86368.5873573061000,-19041.4632532087000,-70247.4938662199000,-12517.9841269121000
3.4000000000000,-5431.3400000000000,-140081.8300000000000,-25040.0300000000000,-140085.6800000000000,-16200.0400000000000,-16202.1800000000000,-5425.2800000000000,-25044.9200000000000,-23.9200000000000,-2724.9800000000000,-12532.1700000000000,-70053.0700000000000,-8112.3400000000000,-32648.5451119687000,-391.7957800286000,-8816.0435624948000,-407.7779606086000,-8831.6210242078000,-32634.5734525873000,-74459.4105954570000,-12726.8854440495000,-2920.0392227012000,-8305.8489015384000,-24426.8452707480000,-28848.0919453147000,-16938.9640867394000,-7132.1322501540000,-86368.4879419248000,-19041.3294226433000,-70247.3498195281000,-12517.8694754555000
3.5000000000000,-5431.4300000000000,-140081.6600000000000,-25039.8500000000000,-140085.7800000000000,-16199.8000000000000,-16202.3600000000000,-5425.2800000000000,-25045.0000000000000,-23.8000000000000,-2724.8900000000000,-12532.0200000000000,-70052.9000000000000,-8112.1800000000000,-32648.5845836270000,-391.9199721672000,-8816.1596419982000,-407.7448336225000,-8831.5980469911000,-32634.6885841515000,-74459.2835735495000,-12726.7460930056000,-2919.9083272795000,-8305.7133484676000,-24426.7663422662000,-28847.9757080007000,-16938.8323347212000,-7132.0026140627000,-86368.3835873695000,-19041.2011289706000,-70247.2114048279000,-12517.7527588986000
3.6000000000000,-5431.5100000000000,-140081.5100000000000,-25039.6800000000000,-140085.8700000000000,-16199.5900000000000,-16202.5100000000000,-5425.2800000000000,-25045.0700000000000,-23.6800000000000,-2724.8100000000000,-12531.8900000000000,-70052.7400000000000,-8111.9800000000000,-32648.6120404172000,-392.0372943620000,-8816.2698862325000,-407.7128402170000,-8831.5736855663000,-32634.7970427187000,-74459.1593305199000,-12726.6132760029000,-2919.7845293987000,-8305.5816300293000,-24426.6787808426000,-28847.8601443801000,-16938.7048368873000,-7131.8799615551000,-86368.2768952591000,-19041.0786465637000,-70247.0787966536000,-12517.6357662087000
3.7000000000000,-5431.6000000000000,-140081.3700000000000,-25039.5100000000000,-140085.9500000000000,-16199.4100000000000,-16202.6400000000000,-5425.2800000000000,-25045.1400000000000,-23.5700000000000,-2724.7400000000000,-12531.7800000000000,-70052.5800000000000,-8111.7700000000000,-32648.6295853195000,-392.1482416059000,-8816.3746915358000,-407.6829109874000,-8831.5495921959000,-32634.8994228489000,-74459.0387504876000,-12726.4868687167000,-2919.6675742307000,-8305.4543403066000,-24426.5861275191000,-28847.7466167579000,-16938.5821550154000,-7131.7641592603000,-86368.1699469417000,-19040.9622215497000,-70246.9520707123000,-12517.5200333709000
3.8000000000000,-5431.6800000000000,-140081.2100000000000,-25039.3600000000000,-140086.0200000000000,-16199.2600000000000,-16202.7600000000000,-5425.2900000000000,-25045.2100000000000,-23.4700000000000,-2724.6700000000000,-12531.6700000000000,-70052.4500000000000,-8111.5600000000000,-32648.6395136110000,-392.2533351740000,-8816.4744844153000,-407.6560631465000,-8831.5272324977000,-32634.9961816323000,-74458.9224494063000,-12726.3666986016000,-2919.5571902305000,-8305.3317102702000,-24426.4911777513000,-28847.6361177247000,-16938.4646518342000,-7131.6549579158000,-86368.0643129041000,-19040.8519199640000,-70246.8311322745000,-12517.4066669850000
3.9000000000000,-5431.7500000000000,-140081.0400000000000,-25039.2200000000000,-140086.0900000000000,-16199.1300000000000,-16202.8600000000000,-5425.3000000000000,-25045.2800000000000,-23.3700000000000,-2724.6100000000000,-12531.5800000000000,-70052.3300000000000,-8111.3700000000000,-32648.6443621996000,-392.3531282274000,-8816.5697257672000,-407.6333556285000,-8831.5079048088000,-32635.0877811319000,-74458.8106681289000,-12726.2524965733000,-2919.4529518373000,-8305.2136005347000,-24426.3958288356000,-28847.5292189737000,-16938.3524196335000,-7131.5519192474000,-86367.9609845972000,-19040.7475580449000,-70246.7157007412000,-12517.2962043631000
4.0000000000000,-5431.8300000000000,-140080.8600000000000,-25039.1100000000000,-140086.1600000000000,-16199.0000000000000,-16202.9500000000000,-5425.3100000000000,-25045.3500000000000,-23.2800000000000,-2724.5600000000000,-12531.5100000000000,-70052.2300000000000,-8111.2200000000000,-32648.6467596733000,-392.4481552007000,-8816.6608613628000,-407.6157256562000,-8831.4927437805000,-32635.1747137470000,-74458.7033730681000,-12726.1439594911000,-2919.3543274404000,-8305.0996901650000,-24426.3011026149000,-28847.4261636520000,-16938.2453700741000,-7131.4544929299000,-86367.8604521894000,-19040.6487937052000,-70246.6054333118000,-12517.1887281868000
4.1000000000000,-5431.9000000000000,-140080.6800000000000,-25039.0300000000000,-140086.2200000000000,-16198.8600000000000,-16203.0200000000000,-5425.3200000000000,-25045.4100000000000,-23.1900000000000,-2724.5100000000000,-12531.4400000000000,-70052.1400000000000,-8111.0800000000000,-32648.6492301798000,-392.5388712401000,-8816.7482543141000,-407.6038101134000,-8831.4826732150000,-32635.2574374870000,-74458.6005058425000,-12726.0408757817000,-2919.2608403945000,-8304.9897647292000,-24426.2074659221000,-28847.3271000277000,-16938.1434208357000,-7131.3621793410000,-86367.7629684545000,-19040.5553004888000,-70246.5001144774000,-12517.0842052597000
4.2000000000000,-5431.9800000000000,-140080.5300000000000,-25038.9800000000000,-140086.2800000000000,-16198.7100000000000,-16203.0900000000000,-5425.3300000000000,-25045.4800000000000,-23.0900000000000,-2724.4700000000000,-12531.3800000000000,-70052.0700000000000,-8110.9700000000000,-32648.6540542672000,-392.6256025508000,-8816.8321464555000,-407.5978528788000,-8831.4783139113000,-32635.3362969394000,-74458.5021781839000,-12725.9431810276000,-2919.1721867240000,-8304.8839056424000,-24426.1152779025000,-28847.2322998895000,-16938.0466117728000,-7131.2746384057000,-86367.6688490463000,-19040.4668774112000,-70246.3997518318000,-12516.9828103241000
4.3000000000000,-5432.0400000000000,-140080.4200000000000,-25038.9400000000000,-140086.3400000000000,-16198.5600000000000,-16203.1500000000000,-5425.3400000000000,-25045.5400000000000,-22.9900000000000,-2724.4200000000000,-12531.3300000000000,-70052.0100000000000,-8110.8800000000000,-32648.6632044174000,-392.7086507728000,-8816.9126702560000,-407.5976962598000,-8831.4798825565000,-32635.4114968928000,-74458.4086554730000,-12725.8508758834000,-2919.0882212610000,-8304.7824492025000,-24426.0250831358000,-28847.1421865785000,-16937.9550531048000,-7131.1916756213000,-86367.5785975897000,-19040.3834246463000,-70246.3044903699000,-12516.8849970622000
4.4000000000000,-5432.1100000000000,-140080.3500000000000,-25038.9100000000000,-140086.4000000000000,-16198.4200000000000,-16203.2100000000000,-5425.3500000000000,-25045.6000000000000,-22.8900000000000,-2724.3800000000000,-12531.2800000000000,-70051.9600000000000,-8110.8000000000000,-32648.6783064444000,-392.7881506465000,-8816.9899000533000,-407.6027934953000,-8831.4871159803000,-32635.4831409208000,-74458.3201555718000,-12725.7638703161000,-2919.0088451795000,-8304.6857525018000,-24425.9375760141000,-28847.0571466343000,-16937.8687628582000,-7131.1131422597000,-86367.4927617935000,-19040.3048304682000,-70246.2144098858000,-12516.7912856554000
4.5000000000000,-5432.1700000000000,-140080.3000000000000,-25038.8900000000000,-140086.4500000000000,-16198.3200000000000,-16203.2700000000000,-5425.3600000000000,-25045.6500000000000,-22.7700000000000,-2724.3300000000000,-12531.2400000000000,-70051.9200000000000,-8110.7300000000000,-32648.7005366419000,-392.8643096572000,-8817.0639144446000,-407.6122038935000,-8831.4992360615000,-32635.5513009604000,-74458.2366331061000,-12725.6818712227000,-2918.9338840783000,-8304.5939351115000,-24425.8533079355000,-28846.9772836059000,-16937.7875287514000,-7131.0388249915000,-86367.4116435021000,-19040.2308610909000,-70246.1293529451000,-12516.7019625120000
4.6000000000000,-5432.2400000000000,-140080.2800000000000,-25038.8700000000000,-140086.5100000000000,-16198.2600000000000,-16203.3200000000000,-5425.3600000000000,-25045.7100000000000,-22.6500000000000,-2724.2900000000000,-12531.2000000000000,-70051.8800000000000,-8110.6700000000000,-32648.7303667426000,-392.9373513258000,-8817.1348428993000,-407.6245903266000,-8831.5149655532000,-32635.6160802347000,-74458.1576961013000,-12725.6043772802000,-2918.8630251632000,-8304.5067621981000,-24425.7724043013000,-28846.9022980008000,-16937.7108780959000,-7130.9683796748000,-86367.3350916387000,-19040.1611107418000,-70246.0488851192000,-12516.6169133003000
4.7000000000000,-5432.2900000000000,-140080.2600000000000,-25038.8600000000000,-140086.5600000000000,-16198.2200000000000,-16203.3700000000000,-5425.3700000000000,-25045.7600000000000,-22.5100000000000,-2724.2400000000000,-12531.1600000000000,-70051.8400000000000,-8110.6200000000000,-32648.7671554272000,-393.0075373101000,-8817.2028808809000,-407.6382826790000,-8831.5326147098000,-32635.6776532489000,-74458.0826716269000,-12725.5307622564000,-2918.7958334643000,-8304.4237105294000,-24425.6945064532000,-28846.8315393501000,-16937.6381454016000,-7130.9013329387000,-86367.2625000756000,-19040.0950193411000,-70245.9723826616000,-12516.5356521265000
4.8000000000000,-5432.3500000000000,-140080.2500000000000,-25038.8500000000000,-140086.6000000000000,-16198.2100000000000,-16203.4100000000000,-5425.3700000000000,-25045.8100000000000,-22.3700000000000,-2724.2000000000000,-12531.1200000000000,-70051.8000000000000,-8110.5700000000000,-32648.8087663081000,-393.0751401648000,-8817.2682708599000,-407.6514686079000,-8831.5502594146000,-32635.7362819088000,-74458.0107513066000,-12725.4603891824000,-2918.7318258989000,-8304.3441392443000,-24425.6189397507000,-28846.7641589558000,-16937.5685852993000,-7130.8371466840000,-86367.1929709561000,-19040.0319424751000,-70245.8991768202000,-12516.4574724771000
4.9000000000000,-5432.4100000000000,-140080.2500000000000,-25038.8400000000000,-140086.6500000000000,-16198.2200000000000,-16203.4500000000000,-5425.3800000000000,-25045.8500000000000,-22.2200000000000,-2724.1500000000000,-12531.0800000000000,-70051.7700000000000,-8110.5300000000000,-32648.8515724855000,-393.1403961533000,-8817.3312585874000,-407.6625086131000,-8831.5660124529000,-32635.7923069110000,-74457.9411523279000,-12725.3927101748000,-2918.6705608899000,-8304.2674706451000,-24425.5449926684000,-28846.6992869773000,-16937.5014893761000,-7130.7753138613000,-86367.1255545236000,-19039.9712504789000,-70245.8286896594000,-12516.3816346643000
5.0000000000000,-5432.4600000000000,-140080.2600000000000,-25038.8300000000000,-140086.6900000000000,-16198.2300000000000,-16203.4900000000000,-5425.3800000000000,-25045.9000000000000,-22.0800000000000,-2724.1100000000000,-12531.0400000000000,-70051.7300000000000,-8110.4800000000000,-32648.8911478735000,-393.2034596356000,-8817.3920429508000,-407.6702782316000,-8831.5783523456000,-32635.8461118363000,-74457.8732659018000,-12725.3273346245000,-2918.6117050282000,-8304.1933362149000,-24425.4722086712000,-28846.6361999683000,-16937.4362892231000,-7130.7154460542000,-86367.0595030545000,-19039.9124308775000,-70245.7605321049000,-12516.3075572961000
5.1000000000000,-5432.5100000000000,-140080.2600000000000,-25038.8100000000000,-140086.7400000000000,-16198.2400000000000,-16203.5200000000000,-5425.3800000000000,-25045.9400000000000,-21.9300000000000,-2724.0600000000000,-12531.0000000000000,-70051.7000000000000,-8110.4400000000000,-32648.9235347629000,-393.2643806799000,-8817.4507399524000,-407.6743912349000,-8831.5864258311000,-32635.8980648417000,-74457.8067845758000,-12725.2640676320000,-2918.5550617476000,-8304.1216772590000,-24425.4006105440000,-28846.5744666426000,-16937.3726454064000,-7130.6573314610000,-86366.9944840219000,-19039.8551748265000,-70245.6945606149000,-12516.2350037782000
5.2000000000000,-5432.5600000000000,-140080.2600000000000,-25038.8000000000000,-140086.7800000000000,-16198.2500000000000,-16203.5400000000000,-5425.3800000000000,-25045.9900000000000,-21.8000000000000,-2724.0200000000000,-12530.9600000000000,-70051.6600000000000,-8110.4100000000000,-32648.9464882841000,-393.3231162007000,-8817.5073750793000,-407.6752030379000,-8831.5902096781000,-32635.9484582453000,-74457.7417917003000,-12725.2029246933000,-2918.5005696973000,-8304.0527827371000,-24425.3307736932000,-28846.5140452538000,-16937.3105210181000,-7130.6009616786000,-86366.9306811407000,-19039.7994308395000,-70245.6308934957000,-12516.1642240025000
5.3000000000000,-5432.6100000000000,-140080.2600000000000,-25038.7900000000000,-140086.8100000000000,-16198.2500000000000,-16203.5700000000000,-5425.3900000000000,-25046.0300000000000,-21.6800000000000,-2723.9800000000000,-12530.9200000000000,-70051.6200000000000,-8110.3700000000000,-32648.9600151545000,-393.3795675073000,-8817.5619050819000,-407.6736026173000,-8831.5904471070000,-32635.9974740163000,-74457.6787731139000,-12725.1441177034000,-2918.4482827926000,-8303.9872295049000,-24425.2637046225000,-28846.4552830725000,-16937.2502128112000,-7130.5465257031000,-86366.8687306875000,-19039.7454011432000,-70245.5698772351000,-12516.0959705158000
5.4000000000000,-5432.6500000000000,-140080.2500000000000,-25038.7800000000000,-140086.8500000000000,-16198.2400000000000,-16203.6000000000000,-5425.3900000000000,-25046.0700000000000,-21.5900000000000,-2723.9500000000000,-12530.8800000000000,-70051.5900000000000,-8110.3300000000000,-32648.9659761390000,-393.4336255612000,-8817.6142558927000,-407.6706945367000,-8831.5883676828000,-32636.0451867140000,-74457.6185128468000,-12725.0879969542000,-2918.3983342201000,-8303.9257124770000,-24425.2005697184000,-28846.3987941808000,-16937.1922943013000,-7130.4943598474000,-86366.8095194267000,-19039.6934629544000,-70245.5119909950000,-12516.0313333464000
5.5000000000000,-5432.7000000000000,-140080.2400000000000,-25038.7700000000000,-140086.8900000000000,-16198.2300000000000,-16203.6300000000000,-5425.3900000000000,-25046.1100000000000,-21.5200000000000,-2723.9300000000000,-12530.8500000000000,-70051.5600000000000,-8110.3000000000000,-32648.9670980776000,-393.4852079310000,-8817.6643588617000,-407.6674965112000,-8831.5853009901000,-32636.0915878178000,-74457.5618848998000,-12725.0349474896000,-2918.3508822026000,-8303.8688228129000,-24425.1423917688000,-28846.3452647251000,-16937.1374571210000,-7130.4448490718000,-86366.7539396534000,-19039.6440356300000,-70245.4577051705000,-12515.9714382286000
5.6000000000000,-5432.7400000000000,-140080.2400000000000,-25038.7600000000000,-140086.9200000000000,-16198.2100000000000,-16203.6600000000000,-5425.3900000000000,-25046.1500000000000,-21.4700000000000,-2723.9100000000000,-12530.8300000000000,-70051.5400000000000,-8110.2800000000000,-32648.9659701611000,-393.5342842006000,-8817.7121774296000,-407.6647390874000,-8831.5823335632000,-32636.1366114477000,-74457.5096066007000,-12724.9852687913000,-2918.3060448337000,-8303.8168751986000,-24425.0898155218000,-28846.2952655038000,-16937.0862991410000,-7130.3983022315000,-86366.7026799994000,-19039.5974474001000,-70245.4073429418000,-12515.9171256996000
5.7000000000000,-5432.7800000000000,-140080.2300000000000,-25038.7500000000000,-140086.9600000000000,-16198.2000000000000,-16203.6900000000000,-5425.3900000000000,-25046.1900000000000,-21.4400000000000,-2723.8900000000000,-12530.8100000000000,-70051.5200000000000,-8110.2600000000000,-32648.9644194316000,-393.5808963465000,-8817.7577297901000,-407.6627933649000,-8831.5801153916000,-32636.1801633892000,-74457.4620247952000,-12724.9390748290000,-2918.2638408913000,-8303.7698331852000,-24425.0429598650000,-28846.2491077913000,-16937.0391337669000,-7130.3548425130000,-86366.6560641028000,-19039.5538422613000,-70245.3609843055000,-12515.8687044618000
5.8000000000000,-5432.8200000000000,-140080.2200000000000,-25038.7500000000000,-140087.0000000000000,-16198.2000000000000,-16203.7300000000000,-5425.3900000000000,-25046.2300000000000,-21.4200000000000,-2723.8900000000000,-12530.8000000000000,-70051.5100000000000,-8110.2500000000000,-32648.9633482957000,-393.6251800736000,-8817.8011154694000,-407.6617046146000,-8831.5788387451000,-32636.2221675533000,-74457.4189803448000,-12724.8962271895000,-2918.2241488367000,-8303.7272943957000,-24425.0013366166000,-28846.2067352426000,-16936.9958692837000,-7130.3143438082000,-86366.6139259692000,-19039.5131296694000,-70245.3184104781000,-12515.8258175669000
5.9000000000000,-5432.8600000000000,-140080.2200000000000,-25038.7400000000000,-140087.0300000000000,-16198.1900000000000,-16203.7600000000000,-5425.3900000000000,-25046.2600000000000,-21.4200000000000,-2723.8800000000000,-12530.8000000000000,-70051.5100000000000,-8110.2500000000000,-32648.9629118520000,-393.6673871317000,-8817.8425455578000,-407.6612861488000,-8831.5783432903000,-32636.2626304774000,-74457.3797684771000,-12724.8562929058000,-2918.1866840521000,-8303.6884789129000,-24424.9638663121000,-28846.1676520122000,-16936.9559669220000,-7130.2764161082000,-86366.5755489255000,-19039.4749586239000,-70245.2790671448000,-12515.7874379856000
6.0000000000000,-5432.9000000000000,-140080.2200000000000,-25038.7400000000000,-140087.0700000000000,-16198.1900000000000,-16203.8000000000000,-5425.3900000000000,-25046.3000000000000,-21.4200000000000,-2723.8800000000000,-12530.7900000000000,-70051.5100000000000,-8110.2500000000000,-32648.9628494732000,-393.7079055471000,-8817.8823698490000,-407.6612253994000,-8831.5782714481000,-32636.3017064042000,-74457.3431752845000,-12724.8185171991000,-2918.1509863463000,-8303.6522064467000,-24424.9290315775000,-28846.1309023501000,-16936.9184521440000,-7130.2404185256000,-86366.5397079681000,-19039.4386982267000,-70245.2420359958000,-12515.7519759456000
6.1000000000000,-5432.9400000000000,-140080.2200000000000,-25038.7400000000000,-140087.1100000000000,-16198.1900000000000,-16203.8400000000000,-5425.3900000000000,-25046.3400000000000,-21.4200000000000,-2723.8800000000000,-12530.7900000000000,-70051.5000000000000,-8110.2500000000000,-32648.9628494732000,-393.7471712421000,-8817.9209957068000,-407.6612253994000,-8831.5782714481000,-32636.3396638481000,-74457.3078591422000,-12724.7820244826000,-2918.1165345708000,-8303.6171893650000,-24424.8953887800000,-28846.0953724418000,-16936.8822123776000,-7130.2056412765000,-86366.5050874291000,-19039.4036048317000,-70245.2062737193000,-12515.7177890903000
6.2000000000000,-5432.9700000000000,-140080.2200000000000,-25038.7400000000000,-140087.1400000000000,-16198.1900000000000,-16203.8700000000000,-5425.3900000000000,-25046.3700000000000,-21.4200000000000,-2723.8800000000000,-12530.7900000000000,-70051.5000000000000,-8110.2500000000000,-32648.9628494732000,-393.7853082877000,-8817.9585398506000,-407.6612253994000,-8831.5782714481000,-32636.3765924534000,-74457.2735046417000,-12724.7465946858000,-2918.0831864125000,-8303.5831228714000,-24424.8626236250000,-28846.0607939444000,-16936.8469788535000,-7130.1719048102000,-86366.4713843079000,-19039.3694891624000,-70245.1715248818000,-12515.6845067040000
6.3000000000000,-5433.0100000000000,-140080.2200000000000,-25038.7400000000000,-140087.1800000000000,-16198.1900000000000,-16203.9100000000000,-5425.3900000000000,-25046.4100000000000,-21.4200000000000,-2723.8800000000000,-12530.7900000000000,-70051.5000000000000,-8110.2400000000000,-32648.9628494732000,-393.8223497467000,-8817.9950328816000,-407.6612253994000,-8831.5782714481000,-32636.4125199937000,-74457.2400889382000,-12724.7122005094000,-2918.0509100822000,-8303.5499839655000,-24424.8307158961000,-28846.0271446832000,-16936.8127276578000,-7130.1391818333000,-86366.4385771923000,-19039.3363266141000,-70245.1377638648000,-12515.6521076487000
6.4000000000000,-5433.0400000000000,-140080.2200000000000,-25038.7400000000000,-140087.2100000000000,-16198.1900000000000,-16203.9400000000000,-5425.3900000000000,-25046.4400000000000,-21.4200000000000,-2723.8800000000000,-12530.7900000000000,-70051.5000000000000,-8110.2400000000000,-32648.9628494732000,-393.8583288086000,-8818.0305055861000,-407.6612253994000,-8831.5782714481000,-32636.4474744945000,-74457.2075884003000,-12724.6788138194000,-2918.0196732215000,-8303.5177489793000,-24424.7996447360000,-28845.9944016785000,-16936.7794339754000,-7130.1074443665000,-86366.4066439445000,-19039.3040919645000,-70245.1049643059000,-12515.6205701273000
6.5000000000000,-5433.0800000000000,-140080.2200000000000,-25038.7400000000000,-140087.2400000000000,-16198.1900000000000,-16203.9700000000000,-5425.3900000000000,-25046.4700000000000,-21.4200000000000,-2723.8800000000000,-12530.7900000000000,-70051.5000000000000,-8110.2400000000000,-32648.9628494732000,-393.8932786170000,-8818.0649887693000,-407.6612253994000,-8831.5782714481000,-32636.4814840743000,-74457.1759788202000,-12724.6464058972000,-2917.9894431435000,-8303.4863937650000,-24424.7693888156000,-28845.9625413533000,-16936.7470723225000,-7130.0766639630000,-86366.3755618945000,-19039.2727595674000,-70245.0730993229000,-12515.5898718596000
6.6000000000000,-5433.1100000000000,-140080.2200000000000,-25038.7400000000000,-140087.2700000000000,-16198.1900000000000,-16204.0000000000000,-5425.3900000000000,-25046.5100000000000,-21.4200000000000,-2723.8800000000000,-12530.7900000000000,-70051.5000000000000,-8110.2400000000000,-32648.9628494732000,-393.9272321170000,-8818.0985131079000,-407.6612253994000,-8831.5782714481000,-32636.5145768037000,-74457.1452356027000,-12724.6149476644000,-2917.9601870473000,-8303.4558938648000,-24424.7399264878000,-28845.9315397211000,-16936.7156167556000,-7130.0468119058000,-86366.3453080135000,-19039.2423035277000,-70245.0421417154000,-12515.5599902417000
6.7000000000000,-5433.1400000000000,-140080.2200000000000,-25038.7400000000000,-140087.3100000000000,-16198.1900000000000,-16204.0300000000000,-5425.3900000000000,-25046.5400000000000,-21.4200000000000,-2723.8800000000000,-12530.7900000000000,-70051.5000000000000,-8110.2400000000000,-32648.9628494732000,-393.9602219218000,-8818.1311090204000,-407.6612253994000,-8831.5782714481000,-32636.5467805810000,-74457.1153339346000,-12724.5844098840000,-2917.9318722086000,-8303.4262246637000,-24424.7112359253000,-28845.9013725541000,-16936.6850410607000,-7130.0178593847000,-86366.3158590701000,-19039.2126978572000,-70245.0120641442000,-12515.5309024888000
6.8000000000000,-5433.1700000000000,-140080.2200000000000,-25038.7400000000000,-140087.3400000000000,-16198.1900000000000,-16204.0600000000000,-5425.3900000000000,-25046.5700000000000,-21.4200000000000,-2723.8800000000000,-12530.7900000000000,-70051.5000000000000,-8110.2400000000000,-32648.9628494732000,-393.9922801962000,-8818.1628065547000,-407.6612253994000,-8831.5782714481000,-32636.5781230234000,-74457.0862489359000,-12724.5547633360000,-2917.9044661462000,-8303.3973615254000,-24424.6832952432000,-28845.8720155334000,-16936.6553189205000,-7129.9897776534000,-86366.2871917681000,-19039.1839166131000,-70244.9828392896000,-12515.5025857636000
6.9000000000000,-5433.2000000000000,-140080.2200000000000,-25038.7400000000000,-140087.3600000000000,-16198.1900000000000,-16204.0900000000000,-5425.3900000000000,-25046.6000000000000,-21.4200000000000,-2723.8800000000000,-12530.7900000000000,-70051.5000000000000,-8110.2400000000000,-32648.9628494732000,-394.0234385582000,-8818.1936352916000,-407.6612253994000,-8831.5782714481000,-32636.6086313733000,-74457.0579557920000,-12724.5259789725000,-2917.8779367658000,-8303.3692799127000,-24424.6560826080000,-28845.8434443807000,-16936.6264240623000,-7129.9625381672000,-86366.2592828688000,-19039.1559340188000,-70244.9544399904000,-12515.4750172886000
7.0000000000000,-5433.2300000000000,-140080.2200000000000,-25038.7400000000000,-140087.3900000000000,-16198.1900000000000,-16204.1200000000000,-5425.3900000000000,-25046.6300000000000,-21.4200000000000,-2723.8700000000000,-12530.7900000000000,-70051.5000000000000,-8110.2400000000000,-32648.9628494732000,-394.0537279944000,-8818.2236242621000,-407.6612253994000,-8831.5782714481000,-32636.6383324181000,-74457.0304298694000,-12724.4980280507000,-2917.8522524841000,-8303.3419554924000,-24424.6295763321000,-28845.8156349736000,-16936.5983303868000,-7129.9361127036000,-86366.2321092964000,-19039.1287245696000,-70244.9268393641000,-12515.4481744456000
7.1000000000000,-5433.2600000000000,-140080.2200000000000,-25038.7400000000000,-140087.4200000000000,-16198.1900000000000,-16204.1500000000000,-5425.3900000000000,-25046.6500000000000,-21.4200000000000,-2723.8700000000000,-12530.7900000000000,-70051.5000000000000,-8110.2400000000000,-32648.9628494732000,-394.0831787907000,-8818.2528018789000,-407.6612253994000,-8831.5782714481000,-32636.6672524233000,-74457.0036468156000,-12724.4708822459000,-2917.8273823318000,-8303.3153642268000,-24424.6037549571000,-28845.7885634454000,-16936.5710120798000,-7129.9104734647000,-86366.2056482303000,-19039.1022631229000,-70244.9000109090000,-12515.4220348617000
7.2000000000000,-5433.2900000000000,-140080.2200000000000,-25038.7400000000000,-140087.4500000000000,-16198.1900000000000,-16204.1800000000000,-5425.3900000000000,-25046.6800000000000,-21.4200000000000,-2723.8700000000000,-12530.7800000000000,-70051.5000000000000,-8110.2400000000000,-32648.9628494732000,-394.1118204752000,-8818.2811958804000,-407.6612253994000,-8831.5782714481000,-32636.6954170758000,-74456.9775826439000,-12724.4445137477000,-2917.8032960399000,-8303.2894824512000,-24424.5785973238000,-28845.7622062695000,-16936.5444437068000,-7129.8855931648000,-86366.1798771828000,-19039.0765249750000,-70244.8739285913000,-12515.3965764833000
7.3000000000000,-5433.3100000000000,-140080.2200000000000,-25038.7400000000000,-140087.4700000000000,-16198.1900000000000,-16204.2000000000000,-5425.3900000000000,-25046.7100000000000,-21.4200000000000,-2723.8700000000000,-12530.7800000000000,-70051.5000000000000,-8110.2400000000000,-32648.9628494732000,-394.1396817733000,-8818.3088332851000,-407.6612253994000,-8831.5782714481000,-32636.7228514399000,-74456.9522138054000,-12724.4188953386000,-2917.7799641094000,-8303.2642869401000,-24424.5540826330000,-28845.7365403321000,-16936.5186002928000,-7129.8614451026000,-86366.1547740652000,-19039.0514859251000,-70244.8485669170000,-12515.3717776388000
7.4000000000000,-5433.3400000000000,-140080.2200000000000,-25038.7400000000000,-140087.5000000000000,-16198.1900000000000,-16204.2300000000000,-5425.3900000000000,-25046.7300000000000,-21.4200000000000,-2723.8700000000000,-12530.7800000000000,-70051.5000000000000,-8110.2400000000000,-32648.9628494732000,-394.1667905736000,-8818.3357403571000,-407.6612253994000,-8831.5782714481000,-32636.7495799206000,-74456.9275172477000,-12724.3940004583000,-2917.7573578655000,-8303.2397549618000,-24424.5301904951000,-28845.7115429908000,-16936.4934573890000,-7129.8380032209000,-86366.1303172422000,-19039.0271223275000,-70244.8239009908000,-12515.3476170909000
7.5000000000000,-5433.3600000000000,-140080.2200000000000,-25038.7400000000000,-140087.5300000000000,-16198.1900000000000,-16204.2500000000000,-5425.3900000000000,-25046.7600000000000,-21.4200000000000,-2723.8700000000000,-12530.7800000000000,-70051.5000000000000,-8110.2400000000000,-32648.9628494732000,-394.1931739025000,-8818.3619425798000,-407.6612253994000,-8831.5782714481000,-32636.7756262373000,-74456.9034704633000,-12724.3698032540000,-2917.7354495001000,-8303.2158643229000,-24424.5069009714000,-28845.6871921239000,-16936.4689911260000,-7129.8152421537000,-86366.1064855765000,-19039.0034111340000,-70244.7999065622000,-12515.3240740796000
7.6000000000000,-5433.3900000000000,-140080.2200000000000,-25038.7400000000000,-140087.5500000000000,-16198.1900000000000,-16204.2800000000000,-5425.3900000000000,-25046.7800000000000,-21.4200000000000,-2723.8700000000000,-12530.7800000000000,-70051.5000000000000,-8110.2400000000000,-32648.9628494732000,-394.2188579084000,-8818.3874646388000,-407.6612253994000,-8831.5782714481000,-32636.8010134042000,-74456.8800515273000,-12724.3462786196000,-2917.7142121009000,-8303.1925934039000,-24424.4841946072000,-28845.6634661681000,-16936.4451782563000,-7129.7931372621000,-86366.0832584638000,-19038.9803299266000,-70244.7765600624000,-12515.3011283570000
7.7000000000000,-5433.4100000000000,-140080.2200000000000,-25038.7400000000000,-140087.5700000000000,-16198.1900000000000,-16204.3000000000000,-5425.3900000000000,-25046.8100000000000,-21.4200000000000,-2723.8700000000000,-12530.7800000000000,-70051.5000000000000,-8110.2400000000000,-32648.9628494732000,-394.2438678526000,-8818.4123304108000,-407.6612253994000,-8831.5782714481000,-32636.8257637179000,-74456.8572391267000,-12724.3234022231000,-2917.6936196713000,-8303.1699211859000,-24424.4620524576000,-28845.6403441489000,-16936.4219961868000,-7129.7716646612000,-86366.0606158601000,-19038.9578569413000,-70244.7538386298000,-12515.2787602135000
7.8000000000000,-5433.4400000000000,-140080.2200000000000,-25038.7400000000000,-140087.6000000000000,-16198.1900000000000,-16204.3200000000000,-5425.3900000000000,-25046.8300000000000,-21.4200000000000,-2723.8700000000000,-12530.7800000000000,-70051.5000000000000,-8110.2400000000000,-32648.9628494732000,-394.2682281069000,-8818.4365629597000,-407.6612253994000,-8831.5782714481000,-32636.8498987509000,-74456.8350125809000,-12724.3011505262000,-2917.6736471406000,-8303.1478272708000,-24424.4404561062000,-28845.6178057021000,-16936.3994230025000,-7129.7508012378000,-86366.0385383012000,-19038.9359710853000,-70244.7317201287000,-12515.2569504985000
7.9000000000000,-5433.4600000000000,-140080.2200000000000,-25038.7400000000000,-140087.6200000000000,-16198.1900000000000,-16204.3500000000000,-5425.3900000000000,-25046.8500000000000,-21.4200000000000,-2723.8700000000000,-12530.7800000000000,-70051.5000000000000,-8110.2400000000000,-32648.9628494732000,-394.2919621572000,-8818.4601845376000,-407.6612253994000,-8831.5782714481000,-32636.8734393502000,-74456.8133518562000,-12724.2795007940000,-2917.6542703672000,-8303.1262918944000,-24424.4193876787000,-28845.5958310884000,-16936.3774374821000,-7129.7305246610000,-86366.0170069163000,-19038.9146519471000,-70244.7101831595000,-12515.2356806336000
8.0000000000000,-5433.4800000000000,-140080.2200000000000,-25038.7400000000000,-140087.6400000000000,-16198.1900000000000,-16204.3700000000000,-5425.3900000000000,-25046.8800000000000,-21.4200000000000,-2723.8700000000000,-12530.7800000000000,-70051.5000000000000,-8110.2400000000000,-32648.9628494732000,-394.3150926117000,-8818.4832165911000,-407.6612253994000,-8831.5782714481000,-32636.8964056406000,-74456.7922375732000,-12724.2584310997000,-2917.6354661338000,-8303.1052959339000,-24424.3988298513000,-28845.5744012028000,-16936.3560191071000,-7129.7108133858000,-86365.9960034355000,-19038.8938798014000,-70244.6892070635000,-12515.2149326217000
8.1000000000000,-5433.5100000000000,-140080.2200000000000,-25038.7400000000000,-140087.6600000000000,-16198.1900000000000,-16204.3900000000000,-5425.3900000000000,-25046.9000000000000,-21.4200000000000,-2723.8700000000000,-12530.7800000000000,-70051.5000000000000,-8110.2400000000000,-32648.9628494732000,-394.3376412133000,-8818.5056797709000,-407.6612253994000,-8831.5782714481000,-32636.9188170315000,-74456.7716510098000,-12724.2379203214000,-2917.6172121383000,-8303.0848209108000,-24424.3787658542000,-28845.5534975774000,-16936.3351480646000,-7129.6916466512000,-86365.9755101931000,-19038.8736356085000,-70244.6687719211000,-12515.1946890502000
8.2000000000000,-5433.5300000000000,-140080.2200000000000,-25038.7400000000000,-140087.6800000000000,-16198.1900000000000,-16204.4100000000000,-5425.3900000000000,-25046.9200000000000,-21.4200000000000,-2723.8600000000000,-12530.7800000000000,-70051.5000000000000,-8110.2400000000000,-32648.9628494732000,-394.3596288554000,-8818.5275939452000,-407.6612253994000,-8831.5782714481000,-32636.9406922276000,-74456.7515740992000,-12724.2179481355000,-2917.5994869792000,-8303.0648489886000,-24424.3591794722000,-28845.5331023810000,-16936.3148052460000,-7129.6730044739000,-86365.9555101261000,-19038.8539010097000,-70244.6488585468000,-12515.1749330918000
8.3000000000000,-5433.5500000000000,-140080.2200000000000,-25038.7400000000000,-140087.7100000000000,-16198.1900000000000,-16204.4300000000000,-5425.3900000000000,-25046.9400000000000,-21.4200000000000,-2723.8600000000000,-12530.7800000000000,-70051.5000000000000,-8110.2400000000000,-32648.9628494732000,-394.3810756011000,-8818.5489782161000,-407.6612253994000,-8831.5782714481000,-32636.9620492416000,-74456.7319894236000,-12724.1984950046000,-2917.5822701374000,-8303.0453629679000,-24424.3400550408000,-28845.5131984141000,-16936.2949722402000,-7129.6548676370000,-86365.9359867697000,-19038.8346583198000,-70244.6294484790000,-12515.1556485000000
8.4000000000000,-5433.5700000000000,-140080.2200000000000,-25038.7400000000000,-140087.7300000000000,-16198.1900000000000,-16204.4500000000000,-5425.3900000000000,-25046.9600000000000,-21.4200000000000,-2723.8600000000000,-12530.7800000000000,-70051.5000000000000,-8110.2400000000000,-32648.9628494732000,-394.4020007039000,-8818.5698509377000,-407.6612253994000,-8831.5782714481000,-32636.9829054094000,-74456.7128802058000,-12724.1795421631000,-2917.5655419545000,-8303.0263462779000,-24424.3213774405000,-28845.4937691009000,-16936.2756313241000,-7129.6372176766000,-86365.9169242491000,-19038.8158905154000,-70244.6105239669000,-12515.1368196028000
8.5000000000000,-5433.5900000000000,-140080.2200000000000,-25038.7400000000000,-140087.7500000000000,-16198.1900000000000,-16204.4700000000000,-5425.3900000000000,-25046.9800000000000,-21.4200000000000,-2723.8600000000000,-12530.7800000000000,-70051.5000000000000,-8110.2400000000000,-32648.9628494732000,-394.4224226307000,-8818.5902297363000,-407.6612253994000,-8831.5782714481000,-32637.0032774071000,-74456.6942302972000,-12724.1610715986000,-2917.5492836092000,-8303.0077829651000,-24424.3031320882000,-28845.4747984786000,-16936.2567654502000,-7129.6200368644000,-86365.8983072700000,-19038.7975812218000,-70244.5920679558000,-12515.1184312940000
8.6000000000000,-5433.6100000000000,-140080.2200000000000,-25038.7400000000000,-140087.7600000000000,-16198.1900000000000,-16204.4900000000000,-5425.3900000000000,-25047.0000000000000,-21.4200000000000,-2723.8600000000000,-12530.7800000000000,-70051.5000000000000,-8110.2400000000000,-32648.9628494732000,-394.4423590864000,-8818.6101315321000,-407.6612253994000,-8831.5782714481000,-32637.0231812696000,-74456.6760241639000,-12724.1430660328000,-2917.5334770914000,-8302.9896576805000,-24424.2853049274000,-28845.4562711844000,-16936.2383582311000,-7129.6033081892000,-86365.8801211059000,-19038.7797146975000,-70244.5740640684000,-12515.1004690219000
8.7000000000000,-5433.6300000000000,-140080.2200000000000,-25038.7400000000000,-140087.7800000000000,-16198.1900000000000,-16204.5100000000000,-5425.3900000000000,-25047.0200000000000,-21.4200000000000,-2723.8600000000000,-12530.7800000000000,-70051.4900000000000,-8110.2400000000000,-32648.9628494732000,-394.4618270391000,-8818.6295725620000,-407.6612253994000,-8831.5782714481000,-32637.0426324097000,-74456.6582468713000,-12724.1255088988000,-2917.5181051750000,-8302.9719556644000,-24424.2678824159000,-28845.4381724412000,-16936.2203939227000,-7129.5870153359000,-86365.8623515845000,-19038.7622758170000,-70244.5564965865000,-12515.0829187764000
8.8000000000000,-5433.6500000000000,-140080.2200000000000,-25038.7400000000000,-140087.8000000000000,-16198.1900000000000,-16204.5300000000000,-5425.3900000000000,-25047.0400000000000,-21.4200000000000,-2723.8600000000000,-12530.7800000000000,-70051.4900000000000,-8110.2400000000000,-32648.9628494732000,-394.4808427458000,-8818.6485684025000,-407.6612253994000,-8831.5782714481000,-32637.0616456383000,-74456.6408840671000,-12724.1083843191000,-2917.5031513899000,-8302.9546627305000,-24424.2508515127000,-28845.4204880415000,-16936.2028574060000,-7129.5711426638000,-86365.8449850725000,-19038.7452500531000,-70244.5393504300000,-12515.0657670756000
8.9000000000000,-5433.6600000000000,-140080.2200000000000,-25038.7400000000000,-140087.8200000000000,-16198.1900000000000,-16204.5500000000000,-5425.3900000000000,-25047.0500000000000,-21.4200000000000,-2723.8600000000000,-12530.7800000000000,-70051.4900000000000,-8110.2400000000000,-32648.9628494732000,-394.4994217795000,-8818.6671339937000,-407.6612253994000,-8831.5782714481000,-32637.0802351852000,-74456.6239219633000,-12724.0916770809000,-2917.4885999931000,-8302.9377652487000,-24424.2341996644000,-28845.4032043302000,-16936.1857341673000,-7129.5556751835000,-86365.8280084599000,-19038.7286234572000,-70244.5226111353000,-12515.0490009502000
9.0000000000000,-5433.6800000000000,-140080.2200000000000,-25038.7400000000000,-140087.8400000000000,-16198.1900000000000,-16204.5600000000000,-5425.3900000000000,-25047.0700000000000,-21.4200000000000,-2723.8600000000000,-12530.7800000000000,-70051.4900000000000,-8110.2400000000000,-32648.9628494732000,-394.5175790551000,-8818.6852836631000,-407.6612253994000,-8831.5782714481000,-32637.0984147198000,-74456.6073473178000,-12724.0753726122000,-2917.4744359401000,-8302.9212501272000,-24424.2179147902000,-28845.3863081870000,-16936.1690102782000,-7129.5405985337000,-86365.8114091429000,-19038.7123826402000,-70244.5062648342000,-12515.0326079284000
9.1000000000000,-5433.7000000000000,-140080.2200000000000,-25038.7400000000000,-140087.8500000000000,-16198.1900000000000,-16204.5800000000000,-5425.3900000000000,-25047.0900000000000,-21.4200000000000,-2723.8600000000000,-12530.7800000000000,-70051.4900000000000,-8110.2400000000000,-32648.9628494732000,-394.5353288560000,-8818.7030311499000,-407.6612253994000,-8831.5782714481000,-32637.1161973722000,-74456.5911474153000,-12724.0594569572000,-2917.4606448556000,-8302.9051047938000,-24424.2019852668000,-28845.3697870083000,-16936.1526723746000,-7129.5258989574000,-86365.7951750073000,-19038.6965147521000,-70244.4902982310000,-12515.0165760190000
9.2000000000000,-5433.7200000000000,-140080.2200000000000,-25038.7400000000000,-140087.8700000000000,-16198.1900000000000,-16204.6000000000000,-5425.3900000000000,-25047.1100000000000,-21.4200000000000,-2723.8600000000000,-12530.7800000000000,-70051.4900000000000,-8110.2400000000000,-32648.9628494732000,-394.5526848606000,-8818.7203896280000,-407.6612253994000,-8831.5782714481000,-32637.1335957539000,-74456.5753100478000,-12724.0439167511000,-2917.4472130052000,-8302.8893171778000,-24424.1863999129000,-28845.3536286887000,-16936.1367076359000,-7129.5115632783000,-86365.7792944106000,-19038.6810074622000,-70244.4746985804000,-12515.0008936954000
9.3000000000000,-5433.7300000000000,-140080.2200000000000,-25038.7400000000000,-140087.8900000000000,-16198.1900000000000,-16204.6100000000000,-5425.3900000000000,-25047.1200000000000,-21.4200000000000,-2723.8600000000000,-12530.7800000000000,-70051.4900000000000,-8110.2400000000000,-32648.9628494732000,-394.5696601677000,-8818.7373717302000,-407.6612253994000,-8831.5782714481000,-32637.1506219786000,-74456.5598234957000,-12724.0287391961000,-2917.4341272674000,-8302.8738756911000,-24424.1711479735000,-28845.3378216022000,-16936.1211037641000,-7129.4975788769000,-86365.7637561651000,-19038.6658489388000,-70244.4594536654000,-12514.9855498787000
9.4000000000000,-5433.7500000000000,-140080.2200000000000,-25038.7400000000000,-140087.9000000000000,-16198.1900000000000,-16204.6300000000000,-5425.3900000000000,-25047.1400000000000,-21.4200000000000,-2723.8600000000000,-12530.7800000000000,-70051.4900000000000,-8110.2400000000000,-32648.9628494732000,-394.5862673219000,-8818.7539895703000,-407.6612253994000,-8831.5782714481000,-32637.1672876820000,-74456.5446765081000,-12724.0139120374000,-2917.4213751051000,-8302.8587692093000,-24424.1562191046000,-28845.3223545838000,-16936.1058489626000,-7129.4839336673000,-86365.7485495200000,-19038.6510278294000,-70244.4445517753000,-12514.9705339212000
9.5000000000000,-5433.7700000000000,-140080.2200000000000,-25038.7400000000000,-140087.9200000000000,-16198.1900000000000,-16204.6500000000000,-5425.3900000000000,-25047.1600000000000,-21.4200000000000,-2723.8500000000000,-12530.7800000000000,-70051.4900000000000,-8110.2400000000000,-32648.9628494732000,-394.6025183385000,-8818.7702547665000,-407.6612253994000,-8831.5782714481000,-32637.1836040425000,-74456.5298582842000,-12723.9994235388000,-2917.4089445400000,-8302.8439870533000,-24424.1416033571000,-28845.3072169113000,-16936.0909319156000,-7129.4706160743000,-86365.7336641449000,-19038.6365332410000,-70244.4299816844000,-12514.9558355895000
9.6000000000000,-5433.7800000000000,-140080.2200000000000,-25038.7400000000000,-140087.9400000000000,-16198.1900000000000,-16204.6600000000000,-5425.3900000000000,-25047.1700000000000,-21.4200000000000,-2723.8500000000000,-12530.7800000000000,-70051.4900000000000,-8110.2400000000000,-32648.9628494732000,-394.6184247267000,-8818.7861784622000,-407.6612253994000,-8831.5782714481000,-32637.1995817995000,-74456.5153584547000,-12723.9852624604000,-2917.3968241252000,-8302.8295189715000,-24424.1272911622000,-28845.2923982871000,-16936.0763417682000,-7129.4576150109000,-86365.7190901120000,-19038.6223547207000,-70244.4157326305000,-12514.9414450486000
9.7000000000000,-5433.8000000000000,-140080.2200000000000,-25038.7400000000000,-140087.9500000000000,-16198.1900000000000,-16204.6800000000000,-5425.3900000000000,-25047.1900000000000,-21.4200000000000,-2723.8500000000000,-12530.7800000000000,-70051.4900000000000,-8110.2400000000000,-32648.9628494732000,-394.6339975135000,-8818.8017713477000,-407.6612253994000,-8831.5782714481000,-32637.2152312728000,-74456.5011670633000,-12723.9714180356000,-2917.3850029210000,-8302.8153551215000,-24424.1132733156000,-28845.2778888207000,-16936.0620681062000,-7129.4449198565000,-86365.7048178803000,-19038.6084822371000,-70244.4017942948000,-12514.9273528454000
9.8000000000000,-5433.8100000000000,-140080.2200000000000,-25038.7400000000000,-140087.9700000000000,-16198.1900000000000,-16204.6900000000000,-5425.3900000000000,-25047.2000000000000,-21.4200000000000,-2723.8500000000000,-12530.7800000000000,-70051.4900000000000,-8110.2400000000000,-32648.9628494732000,-394.6492472655000,-8818.8170436807000,-407.6612253994000,-8831.5782714481000,-32637.2305623807000,-74456.4872745490000,-12723.9578799496000,-2917.3734704699000,-8302.8014860530000,-24424.0995409636000,-28845.2636790114000,-16936.0481009371000,-7129.4325204361000,-86365.6908382793000,-19038.5949061622000,-70244.3881567818000,-12514.9135498933000
9.9000000000000,-5433.8300000000000,-140080.2200000000000,-25038.7400000000000,-140087.9800000000000,-16198.1900000000000,-16204.7100000000000,-5425.3900000000000,-25047.2200000000000,-21.4200000000000,-2723.8500000000000,-12530.7800000000000,-70051.4900000000000,-8110.2400000000000,-32648.9628494732000,-394.6641841107000,-8818.8320053052000,-407.6612253994000,-8831.5782714481000,-32637.2455846573000,-74456.4736717294000,-12723.9446383185000,-2917.3622167735000,-8302.7879026909000,-24424.0860855882000,-28845.2497597315000,-16936.0344306714000,-7129.4204069994000,-86365.6771424931000,-19038.5816172532000,-70244.3748106004000,-12514.9000274572000
10.0000000000000,-5433.8400000000000,-140080.2200000000000,-25038.7400000000000,-140088.0000000000000,-16198.1900000000000,-16204.7200000000000,-5425.3900000000000,-25047.2300000000000,-21.4200000000000,-2723.8500000000000,-12530.7800000000000,-70051.4900000000000,-8110.2400000000000,-32648.9628494732000,-394.6788177591000,-8818.8466656714000,-407.6612253994000,-8831.5782714481000,-32637.2603072694000,-74456.4603497832000,-12723.9316836691000,-2917.3512322703000,-8302.7745963188000,-24424.0728989932000,-28845.2361222105000,-16936.0210481045000,-7129.4085702014000,-86365.6637220454000,-19038.5686066361000,-70244.3617466452000,-12514.8867771379000
10.1000000000000,-5433.8600000000000,-140080.2200000000000,-25038.7400000000000,-140088.0100000000000,-16198.1900000000000,-16204.7400000000000,-5425.3900000000000,-25047.2400000000000,-21.4200000000000,-2723.8500000000000,-12530.7800000000000,-70051.4900000000000,-8110.2400000000000,-32648.9628494732000,-394.6931575224000,-8818.8610338531000,-407.6612253994000,-8831.5782714481000,-32637.2747390329000,-74456.4473002352000,-12723.9190069194000,-2917.3405078138000,-8302.7615585635000,-24424.0599732913000,-28845.2227580190000,-16936.0079443993000,-7129.3970010836000,-86365.6505687849000,-19038.5558657884000,-70244.3489561784000,-12514.8737908586000
10.2000000000000,-5433.8700000000000,-140080.2200000000000,-25038.7400000000000,-140088.0200000000000,-16198.1900000000000,-16204.7500000000000,-5425.3900000000000,-25047.2600000000000,-21.4200000000000,-2723.8500000000000,-12530.7800000000000,-70051.4900000000000,-8110.2400000000000,-32648.9628494732000,-394.7072123329000,-8818.8751185652000,-407.6612253994000,-8831.5782714481000,-32637.2888884281000,-74456.4345149400000,-12723.9065993603000,-2917.3300346524000,-8302.7487813795000,-24424.0473008904000,-28845.2096590539000,-16935.9951110697000,-7129.3856910557000,-86365.6376748710000,-19038.5433865241000,-70244.3364308137000,-12514.8610608506000
10.3000000000000,-5433.8800000000000,-140080.2200000000000,-25038.7400000000000,-140088.0400000000000,-16198.1900000000000,-16204.7600000000000,-5425.3900000000000,-25047.2700000000000,-21.4200000000000,-2723.8500000000000,-12530.7800000000000,-70051.4900000000000,-8110.2400000000000,-32648.9628494732000,-394.7209907616000,-8818.8889281807000,-407.6612253994000,-8831.5782714481000,-32637.3027636147000,-74456.4219860677000,-12723.8944526376000,-2917.3198044096000,-8302.7362570347000,-24424.0348744817000,-28845.1968175241000,-16935.9825399644000,-7129.3746318787000,-86365.6250327604000,-19038.5311609780000,-70244.3241624990000,-12514.8485796402000
10.4000000000000,-5433.9000000000000,-140080.2200000000000,-25038.7400000000000,-140088.0500000000000,-16198.1900000000000,-16204.7800000000000,-5425.3900000000000,-25047.2900000000000,-21.4200000000000,-2723.8500000000000,-12530.7800000000000,-70051.4900000000000,-8110.2400000000000,-32648.9628494732000,-394.7345010358000,-8818.9024707458000,-407.6612253994000,-8831.5782714481000,-32637.3163724461000,-74456.4097060896000,-12723.8825587354000,-2917.3098090658000,-8302.7239780961000,-24424.0226870272000,-28845.1842259364000,-16935.9702232517000,-7129.3638156476000,-86365.6126351941000,-19038.5191815914000,-70244.3121435011000,-12514.8363400356000
10.5000000000000,-5433.9100000000000,-140080.2200000000000,-25038.7400000000000,-140088.0600000000000,-16198.1900000000000,-16204.7900000000000,-5425.3900000000000,-25047.3000000000000,-21.4200000000000,-2723.8500000000000,-12530.7800000000000,-70051.4900000000000,-8110.2400000000000,-32648.9628494732000,-394.7477510548000,-8818.9157539958000,-407.6612253994000,-8831.5782714481000,-32637.3297224828000,-74456.3976677646000,-12723.8709099598000,-2917.3000409401000,-8302.7119374164000,-24424.0107317485000,-28845.1718770822000,-16935.9581534046000,-7129.3532347763000,-86365.6004751848000,-19038.5074410980000,-70244.3003663914000,-12514.8243351151000
10.6000000000000,-5433.9200000000000,-140080.2200000000000,-25038.7400000000000,-140088.0800000000000,-16198.1900000000000,-16204.8000000000000,-5425.3900000000000,-25047.3100000000000,-21.4200000000000,-2723.8500000000000,-12530.7800000000000,-70051.4900000000000,-8110.2400000000000,-32648.9628494732000,-394.7607484062000,-8818.9287853690000,-407.6612253994000,-8831.5782714481000,-32637.3428210055000,-74456.3858641264000,-12723.8594989232000,-2917.2904926742000,-8302.7001281213000,-24423.9990021153000,-28845.1597640250000,-16935.9463231871000,-7129.3428819822000,-86365.5885460052000,-19038.4959325108000,-70244.2888240306000,-12514.8125582148000
10.7000000000000,-5433.9400000000000,-140080.2200000000000,-25038.7400000000000,-140088.0900000000000,-16198.1900000000000,-16204.8100000000000,-5425.3900000000000,-25047.3200000000000,-21.4200000000000,-2723.8500000000000,-12530.7800000000000,-70051.4900000000000,-8110.2400000000000,-32648.9628494732000,-394.7735003805000,-8818.9415720206000,-407.6612253994000,-8831.5782714481000,-32637.3556750275000,-74456.3742884707000,-12723.8483185307000,-2917.2811572156000,-8302.6885435972000,-24423.9874918352000,-28845.1478800881000,-16935.9347256405000,-7129.3327502722000,-86365.5768411762000,-19038.4846491092000,-70244.2775095563000,-12514.8010029177000
10.8000000000000,-5433.9500000000000,-140080.2200000000000,-25038.7400000000000,-140088.1000000000000,-16198.1900000000000,-16204.8300000000000,-5425.3900000000000,-25047.3400000000000,-21.4200000000000,-2723.8500000000000,-12530.7800000000000,-70051.4900000000000,-8110.2400000000000,-32648.9628494732000,-394.7860139850000,-8818.9541208354000,-407.6612253994000,-8831.5782714481000,-32637.3682913064000,-74456.3629343440000,-12723.8373619649000,-2917.2720278035000,-8302.6771774792000,-24423.9761948435000,-28845.1362188431000,-16935.9233540711000,-7129.3228329284000,-86365.5653544564000,-19038.4735844271000,-70244.2664163694000,-12514.7896630428000
10.9000000000000,-5433.9600000000000,-140080.2200000000000,-25038.7400000000000,-140088.1100000000000,-16198.1900000000000,-16204.8400000000000,-5425.3900000000000,-25047.3500000000000,-21.4200000000000,-2723.8500000000000,-12530.7800000000000,-70051.5000000000000,-8110.2400000000000,-32648.9628494732000,-394.7982959577000,-8818.9664384409000,-407.6612253994000,-8831.5782714481000,-32637.3806763553000,-74456.3517955319000,-12723.8266226739000,-2917.2630979535000,-8302.6660236403000,-24423.9651052931000,-28845.1247740988000,-16935.9122020377000,-7129.3131234961000,-86365.5540798315000,-19038.4627322414000,-70244.2555381221000,-12514.7785326346000
11.0000000000000,-5433.9700000000000,-140080.2200000000000,-25038.7400000000000,-140088.1200000000000,-16198.1900000000000,-16204.8500000000000,-5425.3900000000000,-25047.3600000000000,-21.4200000000000,-2723.8500000000000,-12530.7800000000000,-70051.5000000000000,-8110.2400000000000,-32648.9628494732000,-394.8103527797000,-8818.9785312184000,-407.6612253994000,-8831.5782714481000,-32637.3928364537000,-74456.3408660485000,-12723.8160943581000,-2917.2543614448000,-8302.6550761804000,-24423.9542175458000,-28845.1135398907000,-16935.9012633404000,-7129.3036157706000,-86365.5430115043000,-19038.4520865609000,-70244.2448687064000,-12514.7676059539000
11.1000000000000,-5433.9800000000000,-140080.2200000000000,-25038.7400000000000,-140088.1400000000000,-16198.1900000000000,-16204.8600000000000,-5425.3900000000000,-25047.3700000000000,-21.4200000000000,-2723.8500000000000,-12530.7800000000000,-70051.5000000000000,-8110.2400000000000,-32648.9628494732000,-394.8221906872000,-8818.9904053144000,-407.6612253994000,-8831.5782714481000,-32637.4047776573000,-74456.3301401264000,-12723.8057709584000,-2917.2458123070000,-8302.6443294164000,-24423.9435261628000,-28845.1025104710000,-16935.8905320091000,-7129.2943037860000,-86365.5321438857000,-19038.4416416158000,-70244.2344022430000,-12514.7568774675000
11.2000000000000,-5433.9900000000000,-140080.2200000000000,-25038.7400000000000,-140088.1500000000000,-16198.1900000000000,-16204.8700000000000,-5425.3900000000000,-25047.3800000000000,-21.4200000000000,-2723.8500000000000,-12530.7800000000000,-70051.5000000000000,-8110.2400000000000,-32648.9628494732000,-394.8338156833000,-8819.0020666514000,-407.6612253994000,-8831.5782714481000,-32637.4165058080000,-74456.3196122069000,-12723.7956466452000,-2917.2374448078000,-8302.6337778725000,-24423.9330258969000,-28845.0916802988000,-16935.8800022938000,-7129.2851818042000,-86365.5214715851000,-19038.4313918481000,-70244.2241330706000,-12514.7463418402000
11.3000000000000,-5434.0100000000000,-140080.2200000000000,-25038.7400000000000,-140088.1600000000000,-16198.1900000000000,-16204.8800000000000,-5425.3900000000000,-25047.3900000000000,-21.4200000000000,-2723.8400000000000,-12530.7800000000000,-70051.5000000000000,-8110.2400000000000,-32648.9628494732000,-394.8452335484000,-8819.0135209376000,-407.6612253994000,-8831.5782714481000,-32637.4280265431000,-74456.3092769304000,-12723.7857158077000,-2917.2292534419000,-8302.6234162707000,-24423.9227116838000,-28845.0810440317000,-16935.8696686543000,-7129.2762443042000,-86365.5109894022000,-19038.4213319019000,-70244.2140557365000,-12514.7359939256000
11.4000000000000,-5434.0200000000000,-140080.2200000000000,-25038.7400000000000,-140088.1700000000000,-16198.1900000000000,-16204.9000000000000,-5425.3900000000000,-25047.4100000000000,-21.4200000000000,-2723.8400000000000,-12530.7800000000000,-70051.5000000000000,-8110.2400000000000,-32648.9628494732000,-394.8564498509000,-8819.0247736771000,-407.6612253994000,-8831.5782714481000,-32637.4393453036000,-74456.2991291285000,-12723.7759730435000,-2917.2212329199000,-8302.6132395225000,-24423.9125786351000,-28845.0705965161000,-16935.8595257507000,-7129.2674859719000,-86365.5006923188000,-19038.4114566145000,-70244.2041649866000,-12514.7258287583000
11.5000000000000,-5434.0300000000000,-140080.2200000000000,-25038.7400000000000,-140088.1800000000000,-16198.1900000000000,-16204.9100000000000,-5425.3900000000000,-25047.4200000000000,-21.4200000000000,-2723.8400000000000,-12530.7800000000000,-70051.5000000000000,-8110.2400000000000,-32648.9628494732000,-394.8674699566000,-8819.0358301782000,-407.6612253994000,-8831.5782714481000,-32637.4504673433000,-74456.2891638149000,-12723.7664131494000,-2917.2133781579000,-8302.6032427204000,-24423.9026220302000,-28845.0603327801000,-16935.8495684348000,-7129.2589016912000,-86365.4905754910000,-19038.4017610077000,-70244.1944557567000,-12514.7158415461000
11.6000000000000,-5434.0400000000000,-140080.2200000000000,-25038.7400000000000,-140088.1900000000000,-16198.1900000000000,-16204.9200000000000,-5425.3900000000000,-25047.4300000000000,-21.4200000000000,-2723.8400000000000,-12530.7800000000000,-70051.5000000000000,-8110.2400000000000,-32648.9628494732000,-394.8782990382000,-8819.0466955625000,-407.6612253994000,-8831.5782714481000,-32637.4613977359000,-74456.2793761777000,-12723.7570311118000,-2917.2056842678000,-8302.5934211298000,-24423.8928373101000,-28845.0502480248000,-16935.8397917413000,-7129.2504865345000,-86365.4806342418000,-19038.3922402803000,-70244.1849231640000,-12514.7060276627000
11.7000000000000,-5434.0500000000000,-140080.2200000000000,-25038.7400000000000,-140088.2000000000000,-16198.1900000000000,-16204.9300000000000,-5425.3900000000000,-25047.4400000000000,-21.4200000000000,-2723.8400000000000,-12530.7800000000000,-70051.5000000000000,-8110.2400000000000,-32648.9628494732000,-394.8889420838000,-8819.0573747731000,-407.6612253994000,-8831.5782714481000,-32637.4721413831000,-74456.2697615721000,-12723.7478220989000,-2917.1981465483000,-8302.5837701818000,-24423.8832200699000,-28845.0403376173000,-16935.8301908800000,-7129.2422357545000,-86365.4708640539000,-19038.3828897994000,-70244.1755624992000,-12514.6963826405000
11.8000000000000,-5434.0600000000000,-140080.2200000000000,-25038.7400000000000,-140088.2100000000000,-16198.1900000000000,-16204.9400000000000,-5425.3900000000000,-25047.4500000000000,-21.4200000000000,-2723.8400000000000,-12530.7800000000000,-70051.5000000000000,-8110.2400000000000,-32648.9628494732000,-394.8994039055000,-8819.0678725822000,-407.6612253994000,-8831.5782714481000,-32637.4827030217000,-74456.2603155131000,-12723.7387814517000,-2917.1907604760000,-8302.5742854658000,-24423.8737660531000,-28845.0305970835000,-16935.8207612282000,-7129.2341447762000,-86365.4612605634000,-19038.3737050943000,-70244.1663692185000,-12514.6869021641000
11.9000000000000,-5434.0700000000000,-140080.2200000000000,-25038.7400000000000,-140088.2200000000000,-16198.1900000000000,-16204.9500000000000,-5425.3900000000000,-25047.4600000000000,-21.4200000000000,-2723.8400000000000,-12530.7800000000000,-70051.5000000000000,-8110.2400000000000,-32648.9628494732000,-394.9096891470000,-8819.0781935986000,-407.6612253994000,-8831.5782714481000,-32637.4930872302000,-74456.2510336685000,-12723.7299046769000,-2917.1835216971000,-8302.5649627228000,-24423.8644711455000,-28845.0210221015000,-16935.8114983230000,-7129.2262091888000,-86365.4518195531000,-19038.3646818485000,-70244.1573389368000,-12514.6775820640000
12.0000000000000,-5434.0800000000000,-140080.2200000000000,-25038.7400000000000,-140088.2300000000000,-16198.1900000000000,-16204.9600000000000,-5425.3900000000000,-25047.4700000000000,-21.4200000000000,-2723.8400000000000,-12530.7800000000000,-70051.5000000000000,-8110.2400000000000,-32648.9628494732000,-394.9198022912000,-8819.0883422745000,-407.6612253994000,-8831.5782714481000,-32637.5032984353000,-74456.2419118529000,-12723.7211874392000,-2917.1764260197000,-8302.5557978390000,-24423.8553313688000,-28845.0116084951000,-16935.8023978551000,-7129.2184247391000,-86365.4425369464000,-19038.3558158936000,-70244.1484674203000,-12514.6684183103000